ID,AREA,CODE1,CODE3,APT,SEX,YEAR,MON,AGE,A01,A02,XA02,A03,A04,XA04,A051,A052,A053,A054,A055,XA05,A06,A06A,A07,A08,A08101,A08102,A08103,A08104,A08105,A08106,A08107,A08108,A08109,A08110,A08111,A08112,A08113,A08114,A08115,XA081,A082,XA082,A083,XA083,A091,A092,A093,A101,A1021,A1022,A1023,A1024,A1025,XA102,A1031,A1032,A1033,A1034,A1035,A11,A1111,A1112,A1113,A112,A113,XA113,A12,A121,A122,XA122,A131,A132,A133,XA13,A14,A1411,A1412,A1413,A142,XA142,A143,XA143,A144,A14401,A14402,A14403,A1441,XA1441,A1501,A1502,A1503,A1504,A1505,A1506,A1507,A1508,A1509,A1510,A1511,A1512,A1513,A1514,A1515,A1516,A1517,A1518,A1519,A1520,A16,A17011,A17021,A17031,A17041,A170511,A170512,A17061,A17071,A17081,A17091,XA17091,A171011,A171012,A17012,A17022,A17032,A17042,A170521,A170522,A17062,A17072,A17082,A17092,XA17092,A171021,A171022,A17013,A17023,A17033,A17043,A170531,A170532,A17063,A17073,A17083,A17093,XA17093,A171031,A171032,A181,A182,A183,XA18,A191,A192,A193,XA19,A20,XA20,A21,A211,XA211,A22,A221,A222,A23,A24,A251,A252,A253,A254,A26,A2611,A2612,A2613,XA261,A271,A272,A273,XA27,A281,XA281,A282,XA282,A29,A2911,A2912,A2913,XA291,A2921,A2922,A2923,XA292,A301,A302,A303,XA30,A311,XA311,A312,XA312,DQ011,DQ012,DQ021,DQ022,DQ022A,DQ023,DQ03,DQ03A,DQ04,DQ04A,DQ041,XDQ041,WT
1,서울,1117052094A,1. 동부,비아파트,여자,1969,12,52,④ 건강한 편이다,규칙적인 식사 및 영양보충,,④ 체력이 좋은 편이다,규칙적인 체육활동,,④ 잘 수행하고 있다,⑤ 매우 잘 수행하고 있다,⑤ 매우 잘 수행하고 있다,⑤ 매우 잘 수행하고 있다,,,없음,,알고 있다,민간체육시설,[민간체육시설] 수영장,,,,,,,,,,,,,,,,거리상 가까워서,,,,민간체육시설,공공체육시설,기타체육시설,구매한 적 있다,스포츠의류,,,,,,9,,,,,있다,수영,,,12,,,예,민간시설에서 운영하는 체력관리 프로그램을 이용하고 있다,,,"대중매체 (신문, TV, 라디오 등)","인터넷 (포털사이트, 유튜브, SNS 등)","가족과 지인 (친구, 동료 등)",,가입하지 않았다,,,,,,시간적인 여유가 없어서,,예,댄스스포츠,,,지속적 체육활동 참여의 유인책이 되기 때문에,,"걷기(조깅, 속보)",수영,등산,,,,,,,,,,,,,,,,,,일주일에 2번,수영,일주일에 2번,평일,저녁(18시~22시),1,0,12,고강도,민간체육시설,자가용 승용/승합차,,0,10,등산,한 달에 3번 이하,평일/휴일,아침/새벽(6~8시),3,30,4,중강도,1,버스(대중교통),,0,5,,,,,,,,,,,,,,자아실현 및 자기만족,개인의 즐거움,건강유지 및 체력증진,,친구,스스로,가족/친지,,친구(연인 포함),,⑤ 매우 그렇다,체육활동 시 안전용품 구비 및 보호장구 착용,,없다,,,② 감소,120000,⑤ 매우 효과가 있다,⑤ 매우 효과가 있다,④ 효과가 있다,③ 보통이다,③ 변화 없음,,,,,체육활동 가능시간 증가,체육시설 접근성 확대,체육활동 지출비용 여유,,댄스스포츠,,"골프(그라운드, 파크 포함)",,,,,,,,,,,,,,,,,,,고등학교,졸업,기혼,4명,,2명,550,6,있음,판매 종사자,,,9472.71
2,서울,1117052094A,1. 동부,비아파트,여자,1991,5,31,④ 건강한 편이다,충분한 휴식 및 수면,,④ 체력이 좋은 편이다,규칙적인 식사 및 영양보충,,③ 보통이다,④ 잘 수행하고 있다,④ 잘 수행하고 있다,⑤ 매우 잘 수행하고 있다,,,없음,,알고 있다,자가시설,,,,,,,,,,,,,,,,,시설이용료가 무료 또는 저렴해서,,,,자가시설,민간체육시설,공공체육시설,구매한 적 없다,,,,,,,,,,,,없다,,,,,시간적인 여유가 없어서,,아니오,,"체력관리 방법에 대한 정보가 없거나, 지식이 없어서 못하고 있다",,"대중매체 (신문, TV, 라디오 등)","가족과 지인 (친구, 동료 등)","체육시설/단체의 홍보 (책자, 이메일, 문자 등)",,가입하지 않았다,,,,,,시간적인 여유가 없어서,,예,에어로빅,,,지속적 체육활동 참여의 유인책이 되기 때문에,,"걷기(조깅, 속보)",보디빌딩(헬스),,,,,,,,,,,,,,,,,,,일주일에 1번,보디빌딩(헬스),일주일에 1번,평일,저녁(18시~22시),0,50,12,중강도,자가시설,없음,,0,0,,,,,,,,,,,,,,,,,,,,,,,,,,,여가 선용,개인의 즐거움,건강유지 및 체력증진,,스스로,가족/친지,,,혼자,,④ 대체로 그렇다,체육활동 시 준비/정리운동 필수 실시,,없다,,,② 감소,0,④ 효과가 있다,⑤ 매우 효과가 있다,④ 효과가 있다,③ 보통이다,③ 변화 없음,,,,,체육활동 가능시간 증가,소득수준 증가,체육활동 지출비용 여유,,에어로빅,,"요가, 필라테스, 태보",,,,,,,,,,,,,,,,,,,대학교(4년제 이상),졸업,미혼,3명,,없음,550,6,있음,사무 종사자,,,9092.19
3,서울,1117052094A,1. 동부,비아파트,여자,1995,3,27,④ 건강한 편이다,충분한 휴식 및 수면,,④ 체력이 좋은 편이다,규칙적인 식사 및 영양보충,,③ 보통이다,④ 잘 수행하고 있다,④ 잘 수행하고 있다,③ 보통이다,,,없음,,알고 있다,공공체육시설,[공공체육시설] 체력단련장,[공공체육시설] 간이운동장(야외운동기구),,,,,,,,,,,,,,,거리상 가까워서,,,,기타체육시설,민간체육시설,공공체육시설,구매한 적 없다,,,,,,,,,,,,없다,,,,,시간적인 여유가 없어서,,아니오,,"체력관리 방법에 대한 정보가 없거나, 지식이 없어서 못하고 있다",,"인터넷 (포털사이트, 유튜브, SNS 등)","대중매체 (신문, TV, 라디오 등)","지방자치단체의 홍보 (책자, 이메일, 문자 등)",,가입하지 않았다,,,,,,시간적인 여유가 없어서,,예,"요가, 필라테스, 태보",,,지속적 체육활동 참여의 유인책이 되기 때문에,,"걷기(조깅, 속보)",수영,"체조(맨손체조, 생활체조)",,,,,,,,,,,,,,,,,,한 달에 3번 이하,"걷기(조깅, 속보)",한 달에 3번 이하,평일,저녁(18시~22시),0,50,8,중강도,공공체육시설,도보,,0,5,,,,,,,,,,,,,,,,,,,,,,,,,,,여가 선용,체중조절 및 체형관리,건강유지 및 체력증진,,친구,가족/친지,스스로,,친구(연인 포함),,④ 대체로 그렇다,체육활동 시 준비/정리운동 필수 실시,,없다,,,③ 변화 없음,0,⑤ 매우 효과가 있다,⑤ 매우 효과가 있다,④ 효과가 있다,④ 효과가 있다,③ 변화 없음,,,,,체육활동 가능시간 증가,체육활동 지출비용 여유,체육시설 접근성 확대,,"요가, 필라테스, 태보",,승마,,,,,,,,,,,,,,,,,,,대학(4년제 미만),졸업,미혼,3명,,없음,490,5,있음,판매 종사자,,,9334.31
4,서울,1117052094A,1. 동부,비아파트,남자,1990,4,32,④ 건강한 편이다,규칙적인 식사 및 영양보충,,④ 체력이 좋은 편이다,충분한 휴식 및 수면,,③ 보통이다,④ 잘 수행하고 있다,④ 잘 수행하고 있다,② 별로 수행하고 있지 않다,,,없음,,알고 있다,민간체육시설,[민간체육시설] 테니스장,,,,,,,,,,,,,,,,적극적 홍보로 인해 체육시설에 대한 정보를 얻어서,,,,민간체육시설,공공체육시설,기타체육시설,구매한 적 있다,,스포츠신발류,,라켓류(배트 포함),,,,12,,18,,있다,테니스,,,12,,,예,민간시설에서 운영하는 체력관리 프로그램을 이용하고 있다,,,"지방자치단체의 홍보 (책자, 이메일, 문자 등)","대중매체 (신문, TV, 라디오 등)","가족과 지인 (친구, 동료 등)",,가입하여 현재 운동하고 있다,테니스,,,지속적 체육활동 참여의 유인책이 되기 때문에,,,,예,암벽등반,,,지속적으로 건강 및 체력을 향상시킬 수 있기 때문에,,테니스,"걷기(조깅, 속보)","체조(맨손체조, 생활체조)",,,,,,,,,,,,,,,,,,일주일에 1번,테니스,일주일에 1번,평일/휴일,저녁(18시~22시),1,20,12,고강도,민간체육시설,자가용 승용/승합차,,0,15,,,,,,,,,,,,,,,,,,,,,,,,,,,건강유지 및 체력증진,개인의 즐거움,체중조절 및 체형관리,,친구,스스로,,,친구(연인 포함),,④ 대체로 그렇다,체육활동 시 안전용품 구비 및 보호장구 착용,,없다,,,② 감소,220000,⑤ 매우 효과가 있다,⑤ 매우 효과가 있다,④ 효과가 있다,④ 효과가 있다,③ 변화 없음,,,,,소득수준 증가,체육활동 지출비용 여유,체육활동 가능시간 증가,,암벽등반,,승마,,,,,,,,,,,,,,,,,,,대학교(4년제 이상),졸업,미혼,3명,,없음,530,6,있음,사무 종사자,,,9108.36
5,서울,1117052094A,1. 동부,비아파트,남자,1977,10,44,④ 건강한 편이다,규칙적인 식사 및 영양보충,,④ 체력이 좋은 편이다,충분한 휴식 및 수면,,④ 잘 수행하고 있다,④ 잘 수행하고 있다,③ 보통이다,② 별로 수행하고 있지 않다,,,없음,,알고 있다,민간체육시설,[민간체육시설] 수영장,,,,,,,,,,,,,,,,거리상 가까워서,,,,공공체육시설,민간체육시설,기타체육시설,구매한 적 있다,스포츠의류,,,,,,11,,,,,있다,수영,,,11,,,아니오,,"체력관리 방법에 대한 정보가 없거나, 지식이 없어서 못하고 있다",,"대중매체 (신문, TV, 라디오 등)","인터넷 (포털사이트, 유튜브, SNS 등)","지방자치단체의 홍보 (책자, 이메일, 문자 등)",,가입하지 않았다,,,,,,시간적인 여유가 없어서,,아니오,,,,,,"걷기(조깅, 속보)",수영,,,,,,,,,,,,,,,,,,,일주일에 2번,수영,일주일에 2번,평일,저녁(18시~22시),1,10,11,고강도,민간체육시설,도보,,0,15,,,,,,,,,,,,,,,,,,,,,,,,,,,여가 선용,자아실현 및 자기만족,개인의 즐거움,,지도자(교사 제외),친구,스스로,,친구(연인 포함),,④ 대체로 그렇다,체육활동 시 안전용품 구비 및 보호장구 착용,,없다,,,③ 변화 없음,150000,④ 효과가 있다,⑤ 매우 효과가 있다,④ 효과가 있다,④ 효과가 있다,③ 변화 없음,,,,,체육활동 가능시간 증가,체육활동 지출비용 여유,체육시설 접근성 확대,,암벽등반,,"골프(그라운드, 파크 포함)",,,,,,,,,,,,,,,,,,,대학교(4년제 이상),졸업,기혼,4명,,2명,520,6,있음,사무 종사자,,,9141.76
6,서울,1117052094A,1. 동부,비아파트,남자,2005,4,17,⑤ 매우 건강한 편이다,규칙적인 체육활동,,④ 체력이 좋은 편이다,규칙적인 식사 및 영양보충,,③ 보통이다,③ 보통이다,④ 잘 수행하고 있다,⑤ 매우 잘 수행하고 있다,,,없음,,알고 있다,학교체육시설,,,,,,,,,,,,,,,,,거리상 가까워서,,,,학교체육시설,기타체육시설,자가시설,구매한 적 있다,,스포츠신발류,,,,,,9,,,,없다,,,,,시간적인 여유가 없어서,,아니오,,"체력관리 방법을 알고 있으나, 비용이 많이 들어 못하고 있다",,"학교 (단체중심의 프로그램, 교육)","인터넷 (포털사이트, 유튜브, SNS 등)","가족과 지인 (친구, 동료 등)",,가입하지 않았다,,,,,,관심있는 체육 동호회가 없어서,,예,권투,사격,"수상스키, 웨이크보드, 윈드서핑",지속적 체육활동 참여의 유인책이 되기 때문에,,"축구, 풋살",야구,배드민턴,"자전거, 사이클, 산악자전거","체조(맨손체조, 생활체조)",,,,,,,,,,,,,,,,일주일에 1번,"자전거, 사이클, 산악자전거",일주일에 1번,휴일,오전(8~12시),1,30,10,중강도,학교체육시설,자전거,,1,30,"축구, 풋살",한 달에 3번 이하,휴일,오후(14~18시),1,30,10,중강도,4,도보,,0,10,배드민턴,한 달에 3번 이하,휴일,오후(14~18시),0,40,5,저강도,3,도보,,0,5,개인의 즐거움,건강유지 및 체력증진,여가 선용,,친구,스스로,,,친구(연인 포함),,④ 대체로 그렇다,체육활동 시 안전용품 구비 및 보호장구 착용,,없다,,,③ 변화 없음,10000,④ 효과가 있다,⑤ 매우 효과가 있다,③ 보통이다,③ 보통이다,③ 변화 없음,,,,,체육활동 정보 접근성 확대,동반 참여자 확보,체육활동 가능시간 증가,,"당구, 포켓볼",,승마,,,,,,,,,,,,,,,,,,,고등학교,재학,미혼,4명,,없음,470,5,없음,,학생,,6334.22
7,서울,1117052094A,1. 동부,비아파트,남자,1957,8,65,④ 건강한 편이다,규칙적인 식사 및 영양보충,,⑤ 매우 체력이 좋은 편이다,규칙적인 체육활동,,④ 잘 수행하고 있다,⑤ 매우 잘 수행하고 있다,④ 잘 수행하고 있다,④ 잘 수행하고 있다,,,없음,,알고 있다,민간체육시설,[민간체육시설] 수영장,,,,,,,,,,,,,,,,적극적 홍보로 인해 체육시설에 대한 정보를 얻어서,,,,공공체육시설,민간체육시설,기타체육시설,구매한 적 있다,스포츠의류,,,,,,12,,,,,있다,수영,,,10,,,예,민간시설에서 운영하는 체력관리 프로그램을 이용하고 있다,,,"인터넷 (포털사이트, 유튜브, SNS 등)","대중매체 (신문, TV, 라디오 등)","체육시설/단체의 홍보 (책자, 이메일, 문자 등)",,가입하지 않았다,,,,,,시간적인 여유가 없어서,,아니오,,,,,,"걷기(조깅, 속보)",수영,등산,,,,,,,,,,,,,,,,,,일주일에 3번,수영,일주일에 3번,평일,오전(8~12시),1,20,12,고강도,민간체육시설,자가용 승용/승합차,,0,15,"걷기(조깅, 속보)",일주일에 1번,휴일,일정하지 않음,0,50,10,중강도,3,도보,,0,5,,,,,,,,,,,,,,체중조절 및 체형관리,자아실현 및 자기만족,스트레스 해소,,지도자(교사 제외),가족/친지,스스로,,혼자,,⑤ 매우 그렇다,체육활동 시 안전용품 구비 및 보호장구 착용,,없다,,,② 감소,180000,⑤ 매우 효과가 있다,⑤ 매우 효과가 있다,③ 보통이다,④ 효과가 있다,③ 변화 없음,,,,,소득수준 증가,건강 상태 개선,체육활동 지출비용 여유,,테니스,,승마,,,,,,,,,,,,,,,,,,,고등학교,졸업,기혼,3명,,2명,490,5,있음,서비스 종사자,,,8435.38
8,서울,1117052094A,1. 동부,비아파트,남자,1967,5,55,④ 건강한 편이다,규칙적인 식사 및 영양보충,,④ 체력이 좋은 편이다,충분한 휴식 및 수면,,④ 잘 수행하고 있다,⑤ 매우 잘 수행하고 있다,④ 잘 수행하고 있다,③ 보통이다,,,없음,,알고 있다,민간체육시설,[민간체육시설] 볼링장,,,,,,,,,,,,,,,,적극적 홍보로 인해 체육시설에 대한 정보를 얻어서,,,,민간체육시설,공공체육시설,기타체육시설,구매한 적 있다,스포츠의류,스포츠신발류,,,,,18,10,,,,있다,볼링,,,8,,,예,민간시설에서 운영하는 체력관리 프로그램을 이용하고 있다,,,"대중매체 (신문, TV, 라디오 등)","지방자치단체의 홍보 (책자, 이메일, 문자 등)","체육시설/단체의 홍보 (책자, 이메일, 문자 등)",,가입하여 현재 운동하고 있다,볼링,,,지속적 체육활동 참여의 유인책이 되기 때문에,,,,예,"당구, 포켓볼",,,지속적 체육활동 참여의 유인책이 되기 때문에,,볼링,"걷기(조깅, 속보)",등산,,,,,,,,,,,,,,,,,,한 달에 3번 이하,볼링,한 달에 3번 이하,평일/휴일,저녁(18시~22시),1,0,8,중강도,민간체육시설,도보,,0,10,,,,,,,,,,,,,,,,,,,,,,,,,,,자아실현 및 자기만족,대인관계 및 사교,스트레스 해소,,친구,스스로,가족/친지,,친구(연인 포함),,⑤ 매우 그렇다,체육활동 시 준비/정리운동 필수 실시,,없다,,,③ 변화 없음,100000,④ 효과가 있다,⑤ 매우 효과가 있다,④ 효과가 있다,③ 보통이다,③ 변화 없음,,,,,소득수준 증가,체육활동 가능시간 증가,체육활동 지출비용 여유,,"당구, 포켓볼",,"골프(그라운드, 파크 포함)",,,,,,,,,,,,,,,,,,,대학(4년제 미만),졸업,기혼,3명,,1명,400,5,있음,기능원 및 관련 기능 종사자,,,9179.64
9,서울,1117052094A,1. 동부,비아파트,여자,1958,9,64,④ 건강한 편이다,규칙적인 식사 및 영양보충,,③ 보통이다,규칙적인 체육활동,,③ 보통이다,④ 잘 수행하고 있다,④ 잘 수행하고 있다,⑤ 매우 잘 수행하고 있다,,,없음,,알고 있다,공공체육시설,[공공체육시설] 체력단련장,[공공체육시설] 간이운동장(야외운동기구),,,,,,,,,,,,,,,시설이용료가 무료 또는 저렴해서,,,,공공체육시설,기타체육시설,민간체육시설,구매한 적 없다,,,,,,,,,,,,없다,,,,,시간적인 여유가 없어서,,아니오,,"체력관리 방법에 대한 정보가 없거나, 지식이 없어서 못하고 있다",,"대중매체 (신문, TV, 라디오 등)","지방자치단체의 홍보 (책자, 이메일, 문자 등)","가족과 지인 (친구, 동료 등)",,가입하지 않았다,,,,,,시간적인 여유가 없어서,,예,"아쿠아로빅, 수중발레",,,지속적으로 건강 및 체력을 향상시킬 수 있기 때문에,,"걷기(조깅, 속보)",등산,,,,,,,,,,,,,,,,,,,일주일에 1번,등산,일주일에 1번,휴일,일정하지 않음,4,0,10,중강도,공공체육시설,버스(대중교통),,0,10,,,,,,,,,,,,,,,,,,,,,,,,,,,여가 선용,개인의 즐거움,건강유지 및 체력증진,,친구,가족/친지,스스로,,친구(연인 포함),,④ 대체로 그렇다,"체육기구, 장비 등의 주기적 점검",,없다,,,② 감소,10000,⑤ 매우 효과가 있다,⑤ 매우 효과가 있다,④ 효과가 있다,③ 보통이다,③ 변화 없음,,,,,체육활동 가능시간 증가,동반 참여자 확보,건강 상태 개선,,"아쿠아로빅, 수중발레",,"요가, 필라테스, 태보",,,,,,,,,,,,,,,,,,,중학교,졸업,기혼,3명,,1명,420,5,없음,,전업주부,,8865.87
10,서울,1117052094A,1. 동부,비아파트,여자,1951,8,71,③ 보통이다,규칙적인 식사 및 영양보충,,③ 보통이다,충분한 휴식 및 수면,,④ 잘 수행하고 있다,④ 잘 수행하고 있다,④ 잘 수행하고 있다,⑤ 매우 잘 수행하고 있다,,,없음,,알고 있다,공공체육시설,[공공체육시설] 체력단련장,[공공체육시설] 간이운동장(야외운동기구),,,,,,,,,,,,,,,거리상 가까워서,,,,공공체육시설,기타체육시설,민간체육시설,구매한 적 없다,,,,,,,,,,,,있다,"아쿠아로빅, 수중발레",,,12,,,아니오,,"체력관리 방법에 대한 정보가 없거나, 지식이 없어서 못하고 있다",,"지방자치단체의 홍보 (책자, 이메일, 문자 등)","가족과 지인 (친구, 동료 등)","대중매체 (신문, TV, 라디오 등)",,가입하여 현재 운동하고 있다,"아쿠아로빅, 수중발레",,,지속적 체육활동 참여의 유인책이 되기 때문에,,,,예,"아쿠아로빅, 수중발레",수영,,지속적 체육활동 참여의 유인책이 되기 때문에,,"걷기(조깅, 속보)","아쿠아로빅, 수중발레",,,,,,,,,,,,,,,,,,,일주일에 2번,"아쿠아로빅, 수중발레",일주일에 2번,평일,오전(8~12시),1,10,12,고강도,공공체육시설,도보,,0,5,"걷기(조깅, 속보)",한 달에 3번 이하,평일/휴일,일정하지 않음,0,30,10,중강도,4,도보,,0,5,,,,,,,,,,,,,,건강유지 및 체력증진,자아실현 및 자기만족,스트레스 해소,,스스로,가족/친지,,,친구(연인 포함),,⑤ 매우 그렇다,"체육기구, 장비 등의 주기적 점검",,없다,,,③ 변화 없음,70000,④ 효과가 있다,⑤ 매우 효과가 있다,④ 효과가 있다,④ 효과가 있다,③ 변화 없음,,,,,체육시설 접근성 확대,건강 상태 개선,체육활동 지출비용 여유,,수영,,"요가, 필라테스, 태보",,,,,,,,,,,,,,,,,,,중학교,졸업,기혼,2명,,3명,280,3,없음,,전업주부,,8280.94
11,서울,11170731301,1. 동부,아파트,여자,1955,4,67,② 별로 건강하지 않은 편이다,충분한 휴식 및 수면,,② 별로 체력이 좋지 않은 편이다,규칙적인 식사 및 영양보충,,④ 잘 수행하고 있다,③ 보통이다,③ 보통이다,④ 잘 수행하고 있다,,,없음,,알고 있다,공공체육시설,[공공체육시설] 간이운동장(야외운동기구),,,,,,,,,,,,,,,,거리상 가까워서,,,,공공체육시설,기타체육시설,자가시설,구매한 적 있다,,스포츠신발류,,,,,,4,,,,없다,,,,,금전적인 여유가 없어서,,아니오,,"체력관리 방법에 대한 정보가 없거나, 지식이 없어서 못하고 있다",,"대중매체 (신문, TV, 라디오 등)","가족과 지인 (친구, 동료 등)",,,가입하지 않았다,,,,,,금전적인 여유가 없어서,,예,수영,"아쿠아로빅, 수중발레",,지속적으로 건강 및 체력을 향상시킬 수 있기 때문에,,"걷기(조깅, 속보)",줄넘기,"체조(맨손체조, 생활체조)",,,,,,,,,,,,,,,,,,일주일에 4번,"걷기(조깅, 속보)",일주일에 4번,평일,오후(14~18시),0,40,10,저강도,공공체육시설,도보,,0,10,"체조(맨손체조, 생활체조)",일주일에 3번,평일,오전(8~12시),0,10,12,저강도,6,없음,,0,0,줄넘기,일주일에 1번,평일,오후(14~18시),0,15,6,저강도,1,도보,,0,10,건강유지 및 체력증진,여가 선용,시간 소비,,스스로,가족/친지,,,혼자,,④ 대체로 그렇다,체력수준을 고려한 운동 실시,,없다,,,③ 변화 없음,5000,④ 효과가 있다,④ 효과가 있다,③ 보통이다,③ 보통이다,③ 변화 없음,,,,,체육활동에 대한 관심 증가,건강 상태 개선,체육시설 접근성 확대,,수영,,수영,,,,,,,,,,,,,,,,,,,중학교,졸업,기혼,3명,,3명,310,4,없음,,전업주부,,8865.87
12,서울,11170731301,1. 동부,아파트,여자,1947,12,74,② 별로 건강하지 않은 편이다,규칙적인 식사 및 영양보충,,② 별로 체력이 좋지 않은 편이다,규칙적인 체육활동,,② 별로 수행하고 있지 않다,③ 보통이다,③ 보통이다,⑤ 매우 잘 수행하고 있다,,,없음,,알고 있다,학교체육시설,,,,,,,,,,,,,,,,,거리상 가까워서,,,,자가시설,공공체육시설,기타체육시설,구매한 적 없다,,,,,,,,,,,,없다,,,,,금전적인 여유가 없어서,,아니오,,"체력관리 방법에 대한 정보가 없거나, 지식이 없어서 못하고 있다",,"가족과 지인 (친구, 동료 등)","대중매체 (신문, TV, 라디오 등)","지방자치단체의 홍보 (책자, 이메일, 문자 등)",,가입하지 않았다,,,,,,건강이 좋지 않아서,,예,"아쿠아로빅, 수중발레","체조(맨손체조, 생활체조)",,지속적으로 건강 및 체력을 향상시킬 수 있기 때문에,,"걷기(조깅, 속보)","체조(맨손체조, 생활체조)",,,,,,,,,,,,,,,,,,,일주일에 1번,"걷기(조깅, 속보)",일주일에 1번,평일,오전(8~12시),0,30,10,저강도,학교체육시설,도보,,0,10,"체조(맨손체조, 생활체조)",한 달에 3번 이하,평일,오전(8~12시),0,10,10,저강도,6,없음,,0,0,,,,,,,,,,,,,,여가 선용,건강유지 및 체력증진,개인의 즐거움,,가족/친지,스스로,친구,,혼자,,③ 보통이다,체육활동 시 준비/정리운동 필수 실시,,없다,,,③ 변화 없음,0,④ 효과가 있다,④ 효과가 있다,③ 보통이다,③ 보통이다,③ 변화 없음,,,,,건강 상태 개선,체육시설 접근성 확대,체육활동에 대한 관심 증가,,"아쿠아로빅, 수중발레",,"아쿠아로빅, 수중발레",,,,,,,,,,,,,,,,,,,초등학교,졸업,기혼,2명,,2명,210,3,없음,,전업주부,,8280.94
13,서울,11170731301,1. 동부,아파트,여자,1985,6,37,④ 건강한 편이다,규칙적인 체육활동,,④ 체력이 좋은 편이다,규칙적인 식사 및 영양보충,,③ 보통이다,④ 잘 수행하고 있다,④ 잘 수행하고 있다,⑤ 매우 잘 수행하고 있다,,,없음,,알고 있다,기타체육시설,[기타체육시설] 복지시설,,,,,,,,,,,,,,,,시설이용료가 무료 또는 저렴해서,,,,기타체육시설,민간체육시설,공공체육시설,구매한 적 있다,스포츠의류,스포츠신발류,,,,,8,6,,,,있다,에어로빅,,,8,,,아니오,,"체력관리 방법을 알고 있으나, 비용이 많이 들어 못하고 있다",,"가족과 지인 (친구, 동료 등)","체육시설/단체의 홍보 (책자, 이메일, 문자 등)","지방자치단체의 홍보 (책자, 이메일, 문자 등)",,가입하여 현재 운동하고 있다,에어로빅,,,지속적으로 건강 및 체력을 향상시킬 수 있기 때문에,,,,예,"요가, 필라테스, 태보",,,운동기술을 향상시킬 수 있기 때문에,,"걷기(조깅, 속보)",에어로빅,"체조(맨손체조, 생활체조)",,,,,,,,,,,,,,,,,,일주일에 4번,에어로빅,일주일에 4번,평일,오전(8~12시),1,0,8,중강도,기타체육시설,도보,,0,5,"걷기(조깅, 속보)",일주일에 2번,평일/휴일,일정하지 않음,0,40,5,저강도,3,도보,,0,5,"체조(맨손체조, 생활체조)",한 달에 3번 이하,평일/휴일,일정하지 않음,0,15,5,저강도,3,도보,,0,10,개인의 즐거움,건강유지 및 체력증진,자아실현 및 자기만족,,스스로,가족/친지,친구,,친구(연인 포함),,④ 대체로 그렇다,체육활동 시 안전용품 구비 및 보호장구 착용,,없다,,,③ 변화 없음,50000,④ 효과가 있다,⑤ 매우 효과가 있다,③ 보통이다,③ 보통이다,③ 변화 없음,,,,,체육활동 지출비용 여유,체육활동 정보 접근성 확대,,,댄스스포츠,,"요가, 필라테스, 태보",,,,,,,,,,,,,,,,,,,대학(4년제 미만),졸업,기혼,4명,,2명,480,5,없음,,전업주부,,9092.19
14,서울,11170731301,1. 동부,아파트,여자,2000,11,21,④ 건강한 편이다,규칙적인 식사 및 영양보충,,④ 체력이 좋은 편이다,규칙적인 체육활동,,④ 잘 수행하고 있다,④ 잘 수행하고 있다,③ 보통이다,⑤ 매우 잘 수행하고 있다,,,없음,,알고 있다,민간체육시설,[민간체육시설] 체력단련장,,,,,,,,,,,,,,,,선호하는 체육지도자가 있어서,,,,민간체육시설,자가시설,,구매한 적 있다,스포츠의류,,,,,,25,,,,,있다,"요가, 필라테스, 태보",,,8,,,예,민간시설에서 운영하는 체력관리 프로그램을 이용하고 있다,,,"인터넷 (포털사이트, 유튜브, SNS 등)","가족과 지인 (친구, 동료 등)","체육시설/단체의 홍보 (책자, 이메일, 문자 등)",,가입하여 현재 운동하고 있다,"요가, 필라테스, 태보",,,운동기술을 향상시킬 수 있기 때문에,,,,예,"요가, 필라테스, 태보",승마,,운동기술을 향상시킬 수 있기 때문에,,"걷기(조깅, 속보)","요가, 필라테스, 태보","체조(맨손체조, 생활체조)",,,,,,,,,,,,,,,,,,일주일에 3번,"요가, 필라테스, 태보",일주일에 3번,평일,저녁(18시~22시),1,30,10,중강도,민간체육시설,버스(대중교통),,0,15,"체조(맨손체조, 생활체조)",일주일에 2번,평일/휴일,일정하지 않음,0,10,8,중강도,6,없음,,0,0,"걷기(조깅, 속보)",일주일에 1번,평일/휴일,일정하지 않음,0,40,4,저강도,4,도보,,0,10,개인의 즐거움,스트레스 해소,자아실현 및 자기만족,,스스로,지도자(교사 제외),친구,,혼자,,④ 대체로 그렇다,체육활동 시 준비/정리운동 필수 실시,,없다,,,③ 변화 없음,200000,⑤ 매우 효과가 있다,⑤ 매우 효과가 있다,④ 효과가 있다,③ 보통이다,③ 변화 없음,,,,,체육시설 접근성 확대,체육활동 지출비용 여유,체육활동 가능시간 증가,,없음,,승마,,,,,,,,,,,,,,,,,,,대학교(4년제 이상),재학,미혼,4명,,없음,750,8,없음,,학생,,9334.31
15,서울,11170731301,1. 동부,아파트,여자,1970,9,52,④ 건강한 편이다,규칙적인 식사 및 영양보충,,③ 보통이다,규칙적인 체육활동,,③ 보통이다,④ 잘 수행하고 있다,③ 보통이다,④ 잘 수행하고 있다,,,없음,,알고 있다,기타체육시설,[기타체육시설] 복지시설,,,,,,,,,,,,,,,,시설이용료가 무료 또는 저렴해서,,,,공공체육시설,기타체육시설,자가시설,구매한 적 있다,스포츠의류,,,,,,6,,,,,있다,수영,,,3,,,아니오,,"체력관리 방법을 알고 있으나, 비용이 많이 들어 못하고 있다",,"체육시설/단체의 홍보 (책자, 이메일, 문자 등)","가족과 지인 (친구, 동료 등)",,,가입하여 현재 운동하고 있다,수영,,,지속적 체육활동 참여의 유인책이 되기 때문에,,,,예,"아쿠아로빅, 수중발레","요가, 필라테스, 태보",,지속적으로 건강 및 체력을 향상시킬 수 있기 때문에,,"걷기(조깅, 속보)",수영,줄넘기,"체조(맨손체조, 생활체조)",등산,,,,,,,,,,,,,,,,일주일에 3번,수영,일주일에 3번,평일,오전(8~12시),1,0,10,중강도,기타체육시설,도보,,0,10,"걷기(조깅, 속보)",일주일에 1번,평일/휴일,일정하지 않음,0,30,8,저강도,4,도보,,0,5,등산,한 달에 3번 이하,평일/휴일,오전(8~12시),2,30,6,저강도,1,버스(대중교통),,0,10,건강유지 및 체력증진,개인의 즐거움,스트레스 해소,,스스로,친구,가족/친지,,친구(연인 포함),,④ 대체로 그렇다,체육활동 시 안전용품 구비 및 보호장구 착용,,없다,,,② 감소,60000,④ 효과가 있다,④ 효과가 있다,③ 보통이다,③ 보통이다,③ 변화 없음,,,,,체육시설 접근성 확대,체육활동에 대한 관심 증가,체육활동 정보 접근성 확대,,"요가, 필라테스, 태보",,"요가, 필라테스, 태보",,,,,,,,,,,,,,,,,,,대학(4년제 미만),졸업,기혼,4명,,2명,530,6,있음,판매 종사자,,,9472.71
16,서울,11170731301,1. 동부,아파트,남자,1971,2,51,④ 건강한 편이다,규칙적인 식사 및 영양보충,,③ 보통이다,규칙적인 체육활동,,③ 보통이다,③ 보통이다,④ 잘 수행하고 있다,② 별로 수행하고 있지 않다,,,없음,,알고 있다,공공체육시설,[공공체육시설] 간이운동장(야외운동기구),,,,,,,,,,,,,,,,시설이용료가 무료 또는 저렴해서,,,,공공체육시설,자가시설,학교체육시설,구매한 적 없다,,,,,,,,,,,,없다,,,,,시간적인 여유가 없어서,,아니오,,"체력관리 방법에 대한 정보가 없거나, 지식이 없어서 못하고 있다",,"대중매체 (신문, TV, 라디오 등)","인터넷 (포털사이트, 유튜브, SNS 등)","지방자치단체의 홍보 (책자, 이메일, 문자 등)",,가입하여 현재 운동하고 있다,등산,,,지속적 체육활동 참여의 유인책이 되기 때문에,,,,예,낚시,보디빌딩(헬스),,지속적 체육활동 참여의 유인책이 되기 때문에,,"걷기(조깅, 속보)","자전거, 사이클, 산악자전거",등산,,,,,,,,,,,,,,,,,,일주일에 2번,"걷기(조깅, 속보)",일주일에 2번,휴일,오전(8~12시),0,40,10,중강도,공공체육시설,도보,,0,10,"자전거, 사이클, 산악자전거",한 달에 3번 이하,평일/휴일,오전(8~12시),2,0,8,중강도,1,자전거,,0,20,등산,한 달에 3번 이하,평일/휴일,아침/새벽(6~8시),3,0,6,중강도,1,버스(대중교통),,0,10,건강유지 및 체력증진,개인의 즐거움,스트레스 해소,,스스로,친구,가족/친지,,혼자,,④ 대체로 그렇다,체육활동 시 준비/정리운동 필수 실시,,없다,,,③ 변화 없음,40000,⑤ 매우 효과가 있다,⑤ 매우 효과가 있다,④ 효과가 있다,③ 보통이다,③ 변화 없음,,,,,체육활동 지출비용 여유,체육활동 가능시간 증가,체육시설 접근성 확대,,낚시,,보디빌딩(헬스),,,,,,,,,,,,,,,,,,,대학교(4년제 이상),졸업,기혼,4명,,2명,500,6,있음,서비스 종사자,,,9179.64
17,서울,11170731301,1. 동부,아파트,남자,1956,3,66,② 별로 건강하지 않은 편이다,규칙적인 식사 및 영양보충,,③ 보통이다,충분한 휴식 및 수면,,② 별로 수행하고 있지 않다,③ 보통이다,③ 보통이다,③ 보통이다,,,없음,,알고 있다,기타,,,,,,,,,,,,,,,,,,,시간적 여유가 없어서,,자가시설,기타체육시설,공공체육시설,구매한 적 없다,,,,,,,,,,,,없다,,,,,시간적인 여유가 없어서,,아니오,,"체력관리 방법에 대한 정보가 없거나, 지식이 없어서 못하고 있다",,"대중매체 (신문, TV, 라디오 등)","가족과 지인 (친구, 동료 등)","지방자치단체의 홍보 (책자, 이메일, 문자 등)",,가입하지 않았다,,,,,,시간적인 여유가 없어서,,예,낚시,"석궁, 양궁, 국궁",보디빌딩(헬스),지속적으로 건강 및 체력을 향상시킬 수 있기 때문에,,"걷기(조깅, 속보)","체조(맨손체조, 생활체조)",,,,,,,,,,,,,,,,,,,전혀 하지 않는다,,,,,,,,,,,,,,,,,,,,,,,,,,,,,,,,,,,,,,,,,,,,,,,,,,,,,,,,,,,,,,,,,,,,,,,,,,,있다,체육활동 가능시간 부족,소득수준 낮음,체육에 소질이 없음,,,,,,체육활동 가능시간 증가,체육활동 지출비용 여유,체육시설 접근성 확대,,낚시,,"석궁, 양궁, 국궁",,고등학교,졸업,기혼,2명,,3명,260,3,있음,장치?기계 조작 및 조립 종사자,,,8435.38
18,서울,11170731301,1. 동부,아파트,남자,1991,10,30,④ 건강한 편이다,규칙적인 식사 및 영양보충,,④ 체력이 좋은 편이다,규칙적인 체육활동,,② 별로 수행하고 있지 않다,③ 보통이다,④ 잘 수행하고 있다,② 별로 수행하고 있지 않다,,,없음,,알고 있다,기타,,,,,,,,,,,,,,,,,,,시간적 여유가 없어서,,공공체육시설,민간체육시설,기타체육시설,구매한 적 있다,,스포츠신발류,,,,,,10,,,,없다,,,,,시간적인 여유가 없어서,,아니오,,"체력관리 방법에 대한 정보가 없거나, 지식이 없어서 못하고 있다",,"대중매체 (신문, TV, 라디오 등)","인터넷 (포털사이트, 유튜브, SNS 등)","지방자치단체의 홍보 (책자, 이메일, 문자 등)",,가입하지 않았다,,,,,,시간적인 여유가 없어서,,예,승마,스킨스쿠버,"골프(그라운드, 파크 포함)",지속적으로 건강 및 체력을 향상시킬 수 있기 때문에,,"당구, 포켓볼","걷기(조깅, 속보)",,,,,,,,,,,,,,,,,,,전혀 하지 않는다,,,,,,,,,,,,,,,,,,,,,,,,,,,,,,,,,,,,,,,,,,,,,,,,,,,,,,,,,,,,,,,,,,,,,,,,,,,있다,체육활동 가능시간 부족,체육시설 접근성 낮음,체육활동 지출비용 부담,,,,,,체육활동 가능시간 증가,소득수준 증가,체육활동 지출비용 여유,,볼링,,승마,,대학교(4년제 이상),졸업,미혼,4명,,없음,540,6,있음,판매 종사자,,,9108.36
19,서울,11170731301,1. 동부,아파트,남자,1980,1,42,④ 건강한 편이다,규칙적인 식사 및 영양보충,,④ 체력이 좋은 편이다,규칙적인 체육활동,,③ 보통이다,③ 보통이다,④ 잘 수행하고 있다,② 별로 수행하고 있지 않다,,,없음,,알고 있다,직장체육시설,,,,,,,,,,,,,,,,,시설이용료가 무료 또는 저렴해서,,,,직장체육시설,민간체육시설,공공체육시설,구매한 적 없다,,,,,,,,,,,,없다,,,,,시간적인 여유가 없어서,,아니오,,마땅한 상담과 관리를 받을 만한 시설이나 프로그램이 없어서 못하고 있다,,"직장 (단체중심의 프로그램, 교육)","대중매체 (신문, TV, 라디오 등)","인터넷 (포털사이트, 유튜브, SNS 등)",,가입하지 않았다,,,,,,시간적인 여유가 없어서,,예,사격,승마,"골프(그라운드, 파크 포함)",운동기술을 향상시킬 수 있기 때문에,,"걷기(조깅, 속보)",보디빌딩(헬스),"자전거, 사이클, 산악자전거",,,,,,,,,,,,,,,,,,일주일에 3번,보디빌딩(헬스),일주일에 3번,평일,아침/새벽(6~8시),1,0,11,고강도,직장체육시설,자가용 승용/승합차,,0,20,"자전거, 사이클, 산악자전거",한 달에 3번 이하,평일/휴일,일정하지 않음,0,50,6,중강도,1,자전거,,0,5,"걷기(조깅, 속보)",한 달에 3번 이하,평일/휴일,일정하지 않음,0,30,6,중강도,4,도보,,0,5,건강유지 및 체력증진,개인의 즐거움,스트레스 해소,,직장/지역사회,스스로,친구,,직장동료,,④ 대체로 그렇다,체육활동 시 준비/정리운동 필수 실시,,없다,,,③ 변화 없음,30000,④ 효과가 있다,⑤ 매우 효과가 있다,④ 효과가 있다,③ 보통이다,③ 변화 없음,,,,,체육활동 가능시간 증가,동반 참여자 확보,체육시설 접근성 확대,,사격,,"골프(그라운드, 파크 포함)",,,,,,,,,,,,,,,,,,,대학교(4년제 이상),졸업,기혼,4명,,2명,520,6,있음,사무 종사자,,,9141.76
20,서울,11170731301,1. 동부,아파트,남자,2007,3,15,⑤ 매우 건강한 편이다,규칙적인 식사 및 영양보충,,④ 체력이 좋은 편이다,규칙적인 체육활동,,③ 보통이다,④ 잘 수행하고 있다,④ 잘 수행하고 있다,⑤ 매우 잘 수행하고 있다,,,없음,,알고 있다,학교체육시설,,,,,,,,,,,,,,,,,선호하는 체육지도자가 있어서,,,,학교체육시설,기타체육시설,공공체육시설,구매한 적 있다,,스포츠신발류,,,,,,9,,,,없다,,,,,시간적인 여유가 없어서,,아니오,,"체력관리 방법에 대한 정보가 없거나, 지식이 없어서 못하고 있다",,"학교 (단체중심의 프로그램, 교육)","대중매체 (신문, TV, 라디오 등)","인터넷 (포털사이트, 유튜브, SNS 등)",,가입하지 않았다,,,,,,시간적인 여유가 없어서,,예,"수상스키, 웨이크보드, 윈드서핑","당구, 포켓볼",보디빌딩(헬스),지속적으로 건강 및 체력을 향상시킬 수 있기 때문에,,"축구, 풋살",족구,야구,,,,,,,,,,,,,,,,,,전혀 하지 않는다,,,,,,,,,,,,,,,,,,,,,,,,,,,,,,,,,,,,,,,,,,,,,,,,,,,,,,,,,,,,,,,,,,,,,,,,,,,있다,체육활동 가능시간 부족,,,,,,,,체육활동 가능시간 증가,체육시설 접근성 확대,,,"당구, 포켓볼",,"수상스키, 웨이크보드, 윈드서핑",,중학교,재학,미혼,4명,,없음,520,6,없음,,학생,,6334.22
21,서울,1117051177A,1. 동부,비아파트,여자,2002,3,20,④ 건강한 편이다,규칙적인 식사 및 영양보충,,④ 체력이 좋은 편이다,충분한 휴식 및 수면,,④ 잘 수행하고 있다,③ 보통이다,④ 잘 수행하고 있다,③ 보통이다,,,없음,,알고 있다,민간체육시설,[민간체육시설] 체력단련장,,,,,,,,,,,,,,,,거리상 가까워서,,,,민간체육시설,공공체육시설,자가시설,구매한 적 없다,,,,,,,,,,,,없다,,,,,시간적인 여유가 없어서,,아니오,,"체력관리 방법에 대한 정보가 없거나, 지식이 없어서 못하고 있다",,"대중매체 (신문, TV, 라디오 등)","인터넷 (포털사이트, 유튜브, SNS 등)","가족과 지인 (친구, 동료 등)",,가입하지 않았다,,,,,,시간적인 여유가 없어서,,예,"요가, 필라테스, 태보",볼링,,지속적으로 건강 및 체력을 향상시킬 수 있기 때문에,,"걷기(조깅, 속보)",줄넘기,"체조(맨손체조, 생활체조)",,,,,,,,,,,,,,,,,,전혀 하지 않는다,,,,,,,,,,,,,,,,,,,,,,,,,,,,,,,,,,,,,,,,,,,,,,,,,,,,,,,,,,,,,,,,,,,,,,,,,,,있다,체육활동 가능시간 부족,체육에 소질이 없음,체육활동에 대한 관심 부족,,,,,,체육활동 가능시간 증가,체육활동 지출비용 여유,체육시설 접근성 확대,,"요가, 필라테스, 태보",,볼링,,대학교(4년제 이상),재학,미혼,3명,,없음,590,6,없음,,학생,,9334.31
22,서울,1117051177A,1. 동부,비아파트,여자,1991,9,31,④ 건강한 편이다,규칙적인 식사 및 영양보충,,④ 체력이 좋은 편이다,규칙적인 식사 및 영양보충,,③ 보통이다,④ 잘 수행하고 있다,④ 잘 수행하고 있다,④ 잘 수행하고 있다,,,없음,,알고 있다,민간체육시설,[민간체육시설] 체력단련장,,,,,,,,,,,,,,,,적극적 홍보로 인해 체육시설에 대한 정보를 얻어서,,,,민간체육시설,공공체육시설,자가시설,구매한 적 있다,스포츠의류,스포츠신발류,,,,,25,10,,,,있다,"요가, 필라테스, 태보",,,12,,,예,민간시설에서 운영하는 체력관리 프로그램을 이용하고 있다,,,"대중매체 (신문, TV, 라디오 등)","가족과 지인 (친구, 동료 등)","지방자치단체의 홍보 (책자, 이메일, 문자 등)",,가입하지 않았다,,,,,,시간적인 여유가 없어서,,예,댄스스포츠,,,지속적으로 건강 및 체력을 향상시킬 수 있기 때문에,,"걷기(조깅, 속보)","요가, 필라테스, 태보",,,,,,,,,,,,,,,,,,,일주일에 1번,"요가, 필라테스, 태보",일주일에 1번,평일,저녁(18시~22시),1,0,12,고강도,민간체육시설,도보,,0,8,,,,,,,,,,,,,,,,,,,,,,,,,,,스트레스 해소,개인의 즐거움,체중조절 및 체형관리,,친구,지도자(교사 제외),스스로,,친구(연인 포함),,⑤ 매우 그렇다,체육활동 시 준비/정리운동 필수 실시,,없다,,,② 감소,160000,⑤ 매우 효과가 있다,④ 효과가 있다,④ 효과가 있다,④ 효과가 있다,③ 변화 없음,,,,,소득수준 증가,체육활동 가능시간 증가,체육시설 접근성 확대,,댄스스포츠,,"골프(그라운드, 파크 포함)",,,,,,,,,,,,,,,,,,,대학교(4년제 이상),졸업,미혼,3명,,없음,650,7,있음,사무 종사자,,,9092.19
23,서울,1117051177A,1. 동부,비아파트,여자,1965,8,57,④ 건강한 편이다,충분한 휴식 및 수면,,④ 체력이 좋은 편이다,규칙적인 식사 및 영양보충,,④ 잘 수행하고 있다,⑤ 매우 잘 수행하고 있다,⑤ 매우 잘 수행하고 있다,⑤ 매우 잘 수행하고 있다,,,없음,,알고 있다,민간체육시설,[민간체육시설] 수영장,,,,,,,,,,,,,,,,거리상 가까워서,,,,민간체육시설,기타체육시설,공공체육시설,구매한 적 있다,스포츠의류,,,,,,12,,,,,있다,수영,,,12,,,예,민간시설에서 운영하는 체력관리 프로그램을 이용하고 있다,,,"대중매체 (신문, TV, 라디오 등)","체육시설/단체의 홍보 (책자, 이메일, 문자 등)","지방자치단체의 홍보 (책자, 이메일, 문자 등)",,가입하지 않았다,,,,,,시간적인 여유가 없어서,,예,댄스스포츠,,,지속적 체육활동 참여의 유인책이 되기 때문에,,"걷기(조깅, 속보)",수영,등산,,,,,,,,,,,,,,,,,,일주일에 2번,수영,일주일에 2번,평일,저녁(18시~22시),1,20,12,고강도,민간체육시설,자가용 승용/승합차,,0,10,,,,,,,,,,,,,,,,,,,,,,,,,,,자아실현 및 자기만족,건강유지 및 체력증진,개인의 즐거움,,친구,스스로,가족/친지,,친구(연인 포함),,⑤ 매우 그렇다,체육활동 시 안전용품 구비 및 보호장구 착용,,없다,,,② 감소,150000,⑤ 매우 효과가 있다,④ 효과가 있다,⑤ 매우 효과가 있다,③ 보통이다,③ 변화 없음,,,,,체육활동 가능시간 증가,체육시설 접근성 확대,체육활동 지출비용 여유,,댄스스포츠,,"요가, 필라테스, 태보",,,,,,,,,,,,,,,,,,,고등학교,졸업,기혼,3명,,1명,470,5,있음,판매 종사자,,,9472.71
24,서울,1117051177A,1. 동부,비아파트,여자,1956,4,66,④ 건강한 편이다,규칙적인 식사 및 영양보충,,③ 보통이다,충분한 휴식 및 수면,,③ 보통이다,④ 잘 수행하고 있다,④ 잘 수행하고 있다,⑤ 매우 잘 수행하고 있다,,,없음,,알고 있다,기타체육시설,[기타체육시설] 공동주택단지 체육시설(아파트 등),,,,,,,,,,,,,,,,거리상 가까워서,,,,기타체육시설,공공체육시설,민간체육시설,구매한 적 없다,,,,,,,,,,,,없다,,,,,시간적인 여유가 없어서,,아니오,,"체력관리 방법에 대한 정보가 없거나, 지식이 없어서 못하고 있다",,"대중매체 (신문, TV, 라디오 등)","지방자치단체의 홍보 (책자, 이메일, 문자 등)","체육시설/단체의 홍보 (책자, 이메일, 문자 등)",,가입하지 않았다,,,,,,관심있는 체육 동호회가 없어서,,예,"아쿠아로빅, 수중발레",,,지속적으로 건강 및 체력을 향상시킬 수 있기 때문에,,"걷기(조깅, 속보)",,,,,,,,,,,,,,,,,,,,전혀 하지 않는다,,,,,,,,,,,,,,,,,,,,,,,,,,,,,,,,,,,,,,,,,,,,,,,,,,,,,,,,,,,,,,,,,,,,,,,,,,,있다,체육활동 지출비용 부담,건강상의 문제,체육에 소질이 없음,,,,,,동반 참여자 확보,건강 상태 개선,체육활동 지출비용 여유,,"아쿠아로빅, 수중발레",,"요가, 필라테스, 태보",,고등학교,졸업,기혼,2명,,2명,320,4,없음,,전업주부,,8865.87
25,서울,1117051177A,1. 동부,비아파트,여자,1949,2,73,③ 보통이다,충분한 휴식 및 수면,,③ 보통이다,규칙적인 식사 및 영양보충,,② 별로 수행하고 있지 않다,④ 잘 수행하고 있다,④ 잘 수행하고 있다,④ 잘 수행하고 있다,,,없음,,알고 있다,기타,,,,,,,,,,,,,,,,,,,시간적 여유가 없어서,,공공체육시설,민간체육시설,기타체육시설,구매한 적 없다,,,,,,,,,,,,없다,,,,,관심있는 생활체육 프로그램 강습이 없어서,,아니오,,"체력관리 방법에 대한 정보가 없거나, 지식이 없어서 못하고 있다",,"가족과 지인 (친구, 동료 등)","지방자치단체의 홍보 (책자, 이메일, 문자 등)","대중매체 (신문, TV, 라디오 등)",,가입하지 않았다,,,,,,금전적인 여유가 없어서,,예,"아쿠아로빅, 수중발레",,,지속적으로 건강 및 체력을 향상시킬 수 있기 때문에,,없음,,,,,,,,,,,,,,,,,,,,전혀 하지 않는다,,,,,,,,,,,,,,,,,,,,,,,,,,,,,,,,,,,,,,,,,,,,,,,,,,,,,,,,,,,,,,,,,,,,,,,,,,,없다,,,,,체육활동 정보 부족,체육활동에 대한 관심 부족,체육에 소질이 없음,,건강 상태 개선,체육활동 지출비용 여유,체육시설 접근성 확대,,"아쿠아로빅, 수중발레",,"아쿠아로빅, 수중발레",,중학교,졸업,사별,4명,,2명,530,6,없음,,무직,,8280.94
26,서울,1117051177A,1. 동부,비아파트,남자,1959,10,62,④ 건강한 편이다,규칙적인 식사 및 영양보충,,④ 체력이 좋은 편이다,규칙적인 체육활동,,④ 잘 수행하고 있다,④ 잘 수행하고 있다,③ 보통이다,④ 잘 수행하고 있다,,,없음,,알고 있다,공공체육시설,[공공체육시설] 체력단련장,[공공체육시설] 간이운동장(야외운동기구),,,,,,,,,,,,,,,거리상 가까워서,,,,공공체육시설,민간체육시설,자가시설,구매한 적 없다,,,,,,,,,,,,없다,,,,,시간적인 여유가 없어서,,예,국가나 지방자치단체 등이 운영하는 체력관리 프로그램을 이용하고 있다,,,"지방자치단체의 홍보 (책자, 이메일, 문자 등)","대중매체 (신문, TV, 라디오 등)","체육시설/단체의 홍보 (책자, 이메일, 문자 등)",,가입하지 않았다,,,,,,시간적인 여유가 없어서,,예,수영,,,지속적 체육활동 참여의 유인책이 되기 때문에,,"걷기(조깅, 속보)",등산,,,,,,,,,,,,,,,,,,,한 달에 3번 이하,"걷기(조깅, 속보)",한 달에 3번 이하,평일/휴일,오전(8~12시),1,10,9,중강도,공공체육시설,도보,,0,5,,,,,,,,,,,,,,,,,,,,,,,,,,,여가 선용,자아실현 및 자기만족,개인의 즐거움,,가족/친지,스스로,,,혼자,,④ 대체로 그렇다,"체육기구, 장비 등의 주기적 점검",,없다,,,③ 변화 없음,0,④ 효과가 있다,⑤ 매우 효과가 있다,③ 보통이다,③ 보통이다,③ 변화 없음,,,,,체육활동 가능시간 증가,건강 상태 개선,체육시설 접근성 확대,,수영,,"골프(그라운드, 파크 포함)",,,,,,,,,,,,,,,,,,,고등학교,졸업,기혼,4명,,2명,630,7,있음,판매 종사자,,,8435.38
27,서울,1117051177A,1. 동부,비아파트,남자,1965,2,57,④ 건강한 편이다,규칙적인 식사 및 영양보충,,④ 체력이 좋은 편이다,충분한 휴식 및 수면,,② 별로 수행하고 있지 않다,④ 잘 수행하고 있다,④ 잘 수행하고 있다,③ 보통이다,,,없음,,알고 있다,공공체육시설,[공공체육시설] 체력단련장,[공공체육시설] 간이운동장(야외운동기구),,,,,,,,,,,,,,,거리상 가까워서,,,,공공체육시설,민간체육시설,기타체육시설,구매한 적 없다,,,,,,,,,,,,없다,,,,,시간적인 여유가 없어서,,아니오,,"체력관리 방법에 대한 정보가 없거나, 지식이 없어서 못하고 있다",,"대중매체 (신문, TV, 라디오 등)","체육시설/단체의 홍보 (책자, 이메일, 문자 등)","지방자치단체의 홍보 (책자, 이메일, 문자 등)",,가입하지 않았다,,,,,,시간적인 여유가 없어서,,예,"골프(그라운드, 파크 포함)",,,지속적으로 건강 및 체력을 향상시킬 수 있기 때문에,,"걷기(조깅, 속보)",등산,,,,,,,,,,,,,,,,,,,전혀 하지 않는다,,,,,,,,,,,,,,,,,,,,,,,,,,,,,,,,,,,,,,,,,,,,,,,,,,,,,,,,,,,,,,,,,,,,,,,,,,,있다,체육활동 가능시간 부족,체육활동 정보 부족,체육에 소질이 없음,,,,,,체육활동 가능시간 증가,체육활동 지출비용 여유,소득수준 증가,,수영,,"골프(그라운드, 파크 포함)",,대학교(4년제 이상),졸업,기혼,4명,,2명,590,6,있음,서비스 종사자,,,9179.64
28,서울,1117051177A,1. 동부,비아파트,남자,1976,11,45,④ 건강한 편이다,규칙적인 식사 및 영양보충,,④ 체력이 좋은 편이다,규칙적인 체육활동,,④ 잘 수행하고 있다,③ 보통이다,④ 잘 수행하고 있다,④ 잘 수행하고 있다,,,없음,,알고 있다,공공체육시설,[공공체육시설] 간이운동장(야외운동기구),,,,,,,,,,,,,,,,거리상 가까워서,,,,공공체육시설,민간체육시설,기타체육시설,구매한 적 없다,,,,,,,,,,,,없다,,,,,시간적인 여유가 없어서,,아니오,,"체력관리 방법에 대한 정보가 없거나, 지식이 없어서 못하고 있다",,"인터넷 (포털사이트, 유튜브, SNS 등)","대중매체 (신문, TV, 라디오 등)","체육시설/단체의 홍보 (책자, 이메일, 문자 등)",,가입하지 않았다,,,,,,시간적인 여유가 없어서,,예,"자전거, 사이클, 산악자전거",,,지속적으로 건강 및 체력을 향상시킬 수 있기 때문에,,"걷기(조깅, 속보)",낚시,,,,,,,,,,,,,,,,,,,일주일에 1번,"걷기(조깅, 속보)",일주일에 1번,평일/휴일,저녁(18시~22시),1,0,10,고강도,공공체육시설,도보,,0,10,낚시,한 달에 3번 이하,평일/휴일,오전(8~12시),1,0,5,저강도,1,자가용 승용/승합차,,0,5,,,,,,,,,,,,,,여가 선용,스트레스 해소,체중조절 및 체형관리,,스스로,가족/친지,,,혼자,,④ 대체로 그렇다,체육활동 시 준비/정리운동 필수 실시,,없다,,,③ 변화 없음,0,④ 효과가 있다,⑤ 매우 효과가 있다,④ 효과가 있다,③ 보통이다,③ 변화 없음,,,,,체육활동 가능시간 증가,건강 상태 개선,체육활동 지출비용 여유,,"자전거, 사이클, 산악자전거",,"골프(그라운드, 파크 포함)",,,,,,,,,,,,,,,,,,,대학교(4년제 이상),졸업,기혼,4명,,2명,530,6,있음,사무 종사자,,,9141.76
29,서울,1117051177A,1. 동부,비아파트,남자,1985,3,37,⑤ 매우 건강한 편이다,규칙적인 식사 및 영양보충,,④ 체력이 좋은 편이다,규칙적인 체육활동,,⑤ 매우 잘 수행하고 있다,④ 잘 수행하고 있다,④ 잘 수행하고 있다,③ 보통이다,,,없음,,알고 있다,공공체육시설,[공공체육시설] 체력단련장,[공공체육시설] 간이운동장(야외운동기구),,,,,,,,,,,,,,,거리상 가까워서,,,,공공체육시설,민간체육시설,기타체육시설,구매한 적 없다,,,,,,,,,,,,없다,,,,,시간적인 여유가 없어서,,아니오,,"체력관리 방법에 대한 정보가 없거나, 지식이 없어서 못하고 있다",,"대중매체 (신문, TV, 라디오 등)","인터넷 (포털사이트, 유튜브, SNS 등)","지방자치단체의 홍보 (책자, 이메일, 문자 등)",,가입하지 않았다,,,,,,시간적인 여유가 없어서,,예,낚시,,,지속적으로 건강 및 체력을 향상시킬 수 있기 때문에,,"걷기(조깅, 속보)",등산,,,,,,,,,,,,,,,,,,,한 달에 3번 이하,등산,한 달에 3번 이하,평일/휴일,오전(8~12시),2,0,7,고강도,공공체육시설,버스(대중교통),,0,15,,,,,,,,,,,,,,,,,,,,,,,,,,,체중조절 및 체형관리,건강유지 및 체력증진,개인의 즐거움,,친구,스스로,대중매체,,친구(연인 포함),,⑤ 매우 그렇다,"체육기구, 장비 등의 주기적 점검",,없다,,,③ 변화 없음,20000,⑤ 매우 효과가 있다,⑤ 매우 효과가 있다,⑤ 매우 효과가 있다,④ 효과가 있다,③ 변화 없음,,,,,체육활동 지출비용 여유,체육시설 접근성 확대,건강 상태 개선,,낚시,,"골프(그라운드, 파크 포함)",,,,,,,,,,,,,,,,,,,대학교(4년제 이상),졸업,기혼,3명,,1명,380,4,있음,판매 종사자,,,9108.36
30,서울,1117051177A,1. 동부,비아파트,남자,2006,4,16,④ 건강한 편이다,규칙적인 식사 및 영양보충,,④ 체력이 좋은 편이다,충분한 휴식 및 수면,,② 별로 수행하고 있지 않다,④ 잘 수행하고 있다,④ 잘 수행하고 있다,⑤ 매우 잘 수행하고 있다,,,없음,,알고 있다,학교체육시설,,,,,,,,,,,,,,,,,거리상 가까워서,,,,공공체육시설,민간체육시설,기타체육시설,구매한 적 없다,,,,,,,,,,,,없다,,,,,시간적인 여유가 없어서,,아니오,,"체력관리 방법에 대한 정보가 없거나, 지식이 없어서 못하고 있다",,"인터넷 (포털사이트, 유튜브, SNS 등)","체육시설/단체의 홍보 (책자, 이메일, 문자 등)","지방자치단체의 홍보 (책자, 이메일, 문자 등)",,가입하지 않았다,,,,,,시간적인 여유가 없어서,,예,검도,,,지속적 체육활동 참여의 유인책이 되기 때문에,,족구,"걷기(조깅, 속보)",,,,,,,,,,,,,,,,,,,전혀 하지 않는다,,,,,,,,,,,,,,,,,,,,,,,,,,,,,,,,,,,,,,,,,,,,,,,,,,,,,,,,,,,,,,,,,,,,,,,,,,,있다,체육활동 가능시간 부족,동반 참여자 부재,체육프로그램 부족,,,,,,체육활동 가능시간 증가,체육활동 지출비용 여유,체육시설 접근성 확대,,검도,,"당구, 포켓볼",,고등학교,재학,미혼,4명,,없음,550,6,없음,,학생,,6334.22
31,서울,11170671471,1. 동부,아파트,남자,1947,3,75,③ 보통이다,충분한 휴식 및 수면,,③ 보통이다,규칙적인 식사 및 영양보충,,② 별로 수행하고 있지 않다,④ 잘 수행하고 있다,③ 보통이다,④ 잘 수행하고 있다,,,없음,,알고 있다,공공체육시설,[공공체육시설] 체력단련장,[공공체육시설] 간이운동장(야외운동기구),,,,,,,,,,,,,,,거리상 가까워서,,,,공공체육시설,기타체육시설,민간체육시설,구매한 적 없다,,,,,,,,,,,,없다,,,,,시간적인 여유가 없어서,,아니오,,"체력관리 방법에 대한 정보가 없거나, 지식이 없어서 못하고 있다",,"대중매체 (신문, TV, 라디오 등)","지방자치단체의 홍보 (책자, 이메일, 문자 등)","가족과 지인 (친구, 동료 등)",,가입하지 않았다,,,,,,건강이 좋지 않아서,,예,게이트볼,,,지속적 체육활동 참여의 유인책이 되기 때문에,,"걷기(조깅, 속보)","체조(맨손체조, 생활체조)",,,,,,,,,,,,,,,,,,,전혀 하지 않는다,,,,,,,,,,,,,,,,,,,,,,,,,,,,,,,,,,,,,,,,,,,,,,,,,,,,,,,,,,,,,,,,,,,,,,,,,,,있다,건강상의 문제,체육시설 접근성 낮음,체육활동에 대한 관심 부족,,,,,,체육활동 지출비용 여유,건강 상태 개선,체육시설 접근성 확대,,게이트볼,,볼링,,중학교,졸업,기혼,2명,,1명,190,2,없음,,무직,,7112.49
32,서울,11170671471,1. 동부,아파트,남자,1979,5,43,④ 건강한 편이다,규칙적인 식사 및 영양보충,,④ 체력이 좋은 편이다,규칙적인 체육활동,,④ 잘 수행하고 있다,④ 잘 수행하고 있다,⑤ 매우 잘 수행하고 있다,⑤ 매우 잘 수행하고 있다,,,없음,,알고 있다,공공체육시설,[공공체육시설] 체력단련장,[공공체육시설] 간이운동장(야외운동기구),,,,,,,,,,,,,,,거리상 가까워서,,,,공공체육시설,민간체육시설,기타체육시설,구매한 적 없다,,,,,,,,,,,,없다,,,,,시간적인 여유가 없어서,,아니오,,"체력관리 방법에 대한 정보가 없거나, 지식이 없어서 못하고 있다",,"대중매체 (신문, TV, 라디오 등)","체육시설/단체의 홍보 (책자, 이메일, 문자 등)","지방자치단체의 홍보 (책자, 이메일, 문자 등)",,가입하지 않았다,,,,,,시간적인 여유가 없어서,,예,"골프(그라운드, 파크 포함)",,,지속적으로 건강 및 체력을 향상시킬 수 있기 때문에,,"걷기(조깅, 속보)","자전거, 사이클, 산악자전거",등산,,,,,,,,,,,,,,,,,,일주일에 1번,등산,일주일에 1번,휴일,오전(8~12시),4,30,8,중강도,공공체육시설,버스(대중교통),,0,5,,,,,,,,,,,,,,,,,,,,,,,,,,,개인의 즐거움,건강유지 및 체력증진,여가 선용,,친구,대중매체,가족/친지,,친구(연인 포함),,④ 대체로 그렇다,체육활동 시 안전용품 구비 및 보호장구 착용,,없다,,,② 감소,40000,⑤ 매우 효과가 있다,⑤ 매우 효과가 있다,④ 효과가 있다,④ 효과가 있다,③ 변화 없음,,,,,체육활동 가능시간 증가,,,,"당구, 포켓볼",,"골프(그라운드, 파크 포함)",,,,,,,,,,,,,,,,,,,대학교(4년제 이상),졸업,기혼,4명,,2명,540,6,있음,사무 종사자,,,9141.76
33,서울,11170671471,1. 동부,아파트,남자,1972,3,50,④ 건강한 편이다,규칙적인 식사 및 영양보충,,④ 체력이 좋은 편이다,규칙적인 식사 및 영양보충,,⑤ 매우 잘 수행하고 있다,⑤ 매우 잘 수행하고 있다,④ 잘 수행하고 있다,③ 보통이다,,,없음,,알고 있다,민간체육시설,[민간체육시설] 골프연습장,,,,,,,,,,,,,,,,적극적 홍보로 인해 체육시설에 대한 정보를 얻어서,,,,민간체육시설,공공체육시설,기타체육시설,구매한 적 있다,스포츠의류,스포츠신발류,,,,,18,25,,,,있다,"골프(그라운드, 파크 포함)",,,12,,,예,민간시설에서 운영하는 체력관리 프로그램을 이용하고 있다,,,"인터넷 (포털사이트, 유튜브, SNS 등)","지방자치단체의 홍보 (책자, 이메일, 문자 등)","체육시설/단체의 홍보 (책자, 이메일, 문자 등)",,가입하여 현재 운동하고 있다,"골프(그라운드, 파크 포함)",,,지속적 체육활동 참여의 유인책이 되기 때문에,,,,예,테니스,,,여러 사람과 어울려 운동하는 것이 좋아서,,"골프(그라운드, 파크 포함)","걷기(조깅, 속보)","자전거, 사이클, 산악자전거",등산,,,,,,,,,,,,,,,,,일주일에 2번,"골프(그라운드, 파크 포함)",일주일에 2번,평일/휴일,저녁(18시~22시),2,30,12,중강도,민간체육시설,자가용 승용/승합차,,0,10,,,,,,,,,,,,,,,,,,,,,,,,,,,체중조절 및 체형관리,자아실현 및 자기만족,스트레스 해소,,친구,스스로,체육 동호회,,친구(연인 포함),,⑤ 매우 그렇다,"체육기구, 장비 등의 주기적 점검",,없다,,,② 감소,350000,⑤ 매우 효과가 있다,⑤ 매우 효과가 있다,③ 보통이다,③ 보통이다,③ 변화 없음,,,,,소득수준 증가,체육활동 가능시간 증가,체육활동 지출비용 여유,,테니스,,승마,,,,,,,,,,,,,,,,,,,대학교(4년제 이상),졸업,기혼,4명,,2명,640,7,있음,전문가 및 관련 종사자,,,9179.64
34,서울,11170671471,1. 동부,아파트,남자,1984,4,38,⑤ 매우 건강한 편이다,충분한 휴식 및 수면,,④ 체력이 좋은 편이다,규칙적인 식사 및 영양보충,,④ 잘 수행하고 있다,③ 보통이다,④ 잘 수행하고 있다,③ 보통이다,,,없음,,알고 있다,민간체육시설,[민간체육시설] 수영장,,,,,,,,,,,,,,,,전문적인 체육시설을 갖추고 있어서,,,,민간체육시설,공공체육시설,자가시설,구매한 적 있다,,스포츠신발류,,,,,,10,,,,있다,수영,,,12,,,아니오,,"체력관리 방법에 대한 정보가 없거나, 지식이 없어서 못하고 있다",,"체육시설/단체의 홍보 (책자, 이메일, 문자 등)","인터넷 (포털사이트, 유튜브, SNS 등)","대중매체 (신문, TV, 라디오 등)",,가입하지 않았다,,,,,,시간적인 여유가 없어서,,예,"골프(그라운드, 파크 포함)",,,운동기술을 향상시킬 수 있기 때문에,,"걷기(조깅, 속보)",수영,"자전거, 사이클, 산악자전거","체조(맨손체조, 생활체조)",,,,,,,,,,,,,,,,,일주일에 2번,수영,일주일에 2번,평일,저녁(18시~22시),1,0,12,고강도,민간체육시설,도보,,0,15,,,,,,,,,,,,,,,,,,,,,,,,,,,건강유지 및 체력증진,자아실현 및 자기만족,스트레스 해소,,지도자(교사 제외),친구,스스로,,친구(연인 포함),,④ 대체로 그렇다,체육활동 시 안전용품 구비 및 보호장구 착용,,없다,,,② 감소,160000,⑤ 매우 효과가 있다,⑤ 매우 효과가 있다,④ 효과가 있다,③ 보통이다,③ 변화 없음,,,,,체육활동 가능시간 증가,체육활동 지출비용 여유,소득수준 증가,,보디빌딩(헬스),,"골프(그라운드, 파크 포함)",,,,,,,,,,,,,,,,,,,대학(4년제 미만),졸업,기혼,3명,,1명,450,5,있음,판매 종사자,,,9108.36
35,서울,11170671471,1. 동부,아파트,남자,2005,2,17,④ 건강한 편이다,충분한 휴식 및 수면,,④ 체력이 좋은 편이다,규칙적인 식사 및 영양보충,,④ 잘 수행하고 있다,③ 보통이다,④ 잘 수행하고 있다,⑤ 매우 잘 수행하고 있다,,,없음,,알고 있다,학교체육시설,,,,,,,,,,,,,,,,,거리상 가까워서,,,,학교체육시설,공공체육시설,자가시설,구매한 적 없다,,,,,,,,,,,,없다,,,,,시간적인 여유가 없어서,,아니오,,"체력관리 방법에 대한 정보가 없거나, 지식이 없어서 못하고 있다",,"인터넷 (포털사이트, 유튜브, SNS 등)","학교 (단체중심의 프로그램, 교육)","대중매체 (신문, TV, 라디오 등)",,가입하지 않았다,,,,,,시간적인 여유가 없어서,,아니오,,,,,,족구,"걷기(조깅, 속보)",,,,,,,,,,,,,,,,,,,전혀 하지 않는다,,,,,,,,,,,,,,,,,,,,,,,,,,,,,,,,,,,,,,,,,,,,,,,,,,,,,,,,,,,,,,,,,,,,,,,,,,,있다,체육활동 가능시간 부족,체육에 소질이 없음,동반 참여자 부재,,,,,,체육활동 가능시간 증가,체육활동 지출비용 여유,체육시설 접근성 확대,,"당구, 포켓볼",,인라인스케이트,,고등학교,재학,미혼,4명,,없음,550,6,없음,,학생,,6334.22
36,서울,11170671471,1. 동부,아파트,여자,1995,10,26,④ 건강한 편이다,규칙적인 식사 및 영양보충,,④ 체력이 좋은 편이다,충분한 휴식 및 수면,,③ 보통이다,④ 잘 수행하고 있다,④ 잘 수행하고 있다,⑤ 매우 잘 수행하고 있다,,,없음,,알고 있다,민간체육시설,[민간체육시설] 체력단련장,,,,,,,,,,,,,,,,적극적 홍보로 인해 체육시설에 대한 정보를 얻어서,,,,민간체육시설,자가시설,공공체육시설,구매한 적 있다,스포츠의류,스포츠신발류,,,,,20,9,,,,있다,"요가, 필라테스, 태보",,,12,,,예,민간시설에서 운영하는 체력관리 프로그램을 이용하고 있다,,,"체육시설/단체의 홍보 (책자, 이메일, 문자 등)","대중매체 (신문, TV, 라디오 등)","인터넷 (포털사이트, 유튜브, SNS 등)",,가입하지 않았다,,,,,,시간적인 여유가 없어서,,예,댄스스포츠,,,지속적 체육활동 참여의 유인책이 되기 때문에,,"걷기(조깅, 속보)","요가, 필라테스, 태보",줄넘기,훌라후프,,,,,,,,,,,,,,,,,일주일에 1번,"요가, 필라테스, 태보",일주일에 1번,평일,저녁(18시~22시),1,10,12,고강도,민간체육시설,도보,,0,5,,,,,,,,,,,,,,,,,,,,,,,,,,,건강유지 및 체력증진,자아실현 및 자기만족,체중조절 및 체형관리,,친구,지도자(교사 제외),스스로,,친구(연인 포함),,⑤ 매우 그렇다,체육활동 시 준비/정리운동 필수 실시,,없다,,,② 감소,140000,⑤ 매우 효과가 있다,④ 효과가 있다,④ 효과가 있다,④ 효과가 있다,③ 변화 없음,,,,,체육활동 가능시간 증가,체육활동 지출비용 여유,체육시설 접근성 확대,,댄스스포츠,,"골프(그라운드, 파크 포함)",,,,,,,,,,,,,,,,,,,대학교(4년제 이상),졸업,미혼,3명,,없음,600,7,있음,사무 종사자,,,9334.31
37,서울,11170671471,1. 동부,아파트,여자,1990,12,31,④ 건강한 편이다,규칙적인 식사 및 영양보충,,④ 체력이 좋은 편이다,규칙적인 식사 및 영양보충,,③ 보통이다,④ 잘 수행하고 있다,④ 잘 수행하고 있다,③ 보통이다,,,없음,,알고 있다,민간체육시설,[민간체육시설] 수영장,,,,,,,,,,,,,,,,전문적인 체육시설을 갖추고 있어서,,,,민간체육시설,공공체육시설,자가시설,구매한 적 있다,,스포츠신발류,,,,,,18,,,,있다,수영,,,12,,,예,민간시설에서 운영하는 체력관리 프로그램을 이용하고 있다,,,"대중매체 (신문, TV, 라디오 등)","체육시설/단체의 홍보 (책자, 이메일, 문자 등)","인터넷 (포털사이트, 유튜브, SNS 등)",,가입하지 않았다,,,,,,시간적인 여유가 없어서,,예,"요가, 필라테스, 태보",,,운동기술을 향상시킬 수 있기 때문에,,"걷기(조깅, 속보)",수영,줄넘기,,,,,,,,,,,,,,,,,,일주일에 2번,수영,일주일에 2번,평일/휴일,오전(8~12시),1,0,12,중강도,민간체육시설,도보,,0,15,,,,,,,,,,,,,,,,,,,,,,,,,,,건강유지 및 체력증진,개인의 즐거움,체중조절 및 체형관리,,친구,스스로,지도자(교사 제외),,친구(연인 포함),,⑤ 매우 그렇다,"체육기구, 장비 등의 주기적 점검",,없다,,,② 감소,120000,⑤ 매우 효과가 있다,⑤ 매우 효과가 있다,④ 효과가 있다,③ 보통이다,③ 변화 없음,,,,,소득수준 증가,체육활동 가능시간 증가,건강 상태 개선,,"요가, 필라테스, 태보",,승마,,,,,,,,,,,,,,,,,,,대학교(4년제 이상),졸업,미혼,3명,,없음,590,6,있음,서비스 종사자,,,9092.19
38,서울,11170671471,1. 동부,아파트,여자,1965,11,56,④ 건강한 편이다,충분한 휴식 및 수면,,④ 체력이 좋은 편이다,규칙적인 식사 및 영양보충,,④ 잘 수행하고 있다,③ 보통이다,④ 잘 수행하고 있다,⑤ 매우 잘 수행하고 있다,,,없음,,알고 있다,공공체육시설,[공공체육시설] 체력단련장,[공공체육시설] 간이운동장(야외운동기구),,,,,,,,,,,,,,,시설이용료가 무료 또는 저렴해서,,,,공공체육시설,민간체육시설,기타체육시설,구매한 적 없다,,,,,,,,,,,,없다,,,,,금전적인 여유가 없어서,,아니오,,"체력관리 방법을 알고 있으나, 비용이 많이 들어 못하고 있다",,"대중매체 (신문, TV, 라디오 등)","지방자치단체의 홍보 (책자, 이메일, 문자 등)","체육시설/단체의 홍보 (책자, 이메일, 문자 등)",,가입하지 않았다,,,,,,시간적인 여유가 없어서,,예,댄스스포츠,,,지속적 체육활동 참여의 유인책이 되기 때문에,,"걷기(조깅, 속보)",등산,,,,,,,,,,,,,,,,,,,일주일에 1번,등산,일주일에 1번,평일/휴일,아침/새벽(6~8시),1,50,8,고강도,공공체육시설,버스(대중교통),,0,10,,,,,,,,,,,,,,,,,,,,,,,,,,,스트레스 해소,자아실현 및 자기만족,건강유지 및 체력증진,,가족/친지,스스로,친구,,가족 및 친인척,,④ 대체로 그렇다,"체육기구, 장비 등의 주기적 점검",,없다,,,② 감소,20000,⑤ 매우 효과가 있다,⑤ 매우 효과가 있다,④ 효과가 있다,④ 효과가 있다,③ 변화 없음,,,,,소득수준 증가,체육활동 지출비용 여유,체육활동 정보 접근성 확대,,댄스스포츠,,"골프(그라운드, 파크 포함)",,,,,,,,,,,,,,,,,,,고등학교,졸업,기혼,4명,,2명,530,6,있음,판매 종사자,,,9472.71
39,서울,11170671471,1. 동부,아파트,여자,1949,5,73,③ 보통이다,규칙적인 식사 및 영양보충,,③ 보통이다,충분한 휴식 및 수면,,② 별로 수행하고 있지 않다,④ 잘 수행하고 있다,④ 잘 수행하고 있다,⑤ 매우 잘 수행하고 있다,,,없음,,알고 있다,공공체육시설,[공공체육시설] 체력단련장,[공공체육시설] 간이운동장(야외운동기구),,,,,,,,,,,,,,,거리상 가까워서,,,,공공체육시설,민간체육시설,자가시설,구매한 적 없다,,,,,,,,,,,,없다,,,,,금전적인 여유가 없어서,,아니오,,"체력관리 방법에 대한 정보가 없거나, 지식이 없어서 못하고 있다",,"가족과 지인 (친구, 동료 등)","체육시설/단체의 홍보 (책자, 이메일, 문자 등)","대중매체 (신문, TV, 라디오 등)",,가입하지 않았다,,,,,,금전적인 여유가 없어서,,예,"아쿠아로빅, 수중발레",,,지속적으로 건강 및 체력을 향상시킬 수 있기 때문에,,"걷기(조깅, 속보)","체조(맨손체조, 생활체조)",,,,,,,,,,,,,,,,,,,전혀 하지 않는다,,,,,,,,,,,,,,,,,,,,,,,,,,,,,,,,,,,,,,,,,,,,,,,,,,,,,,,,,,,,,,,,,,,,,,,,,,,있다,건강상의 문제,체육활동 정보 부족,체육활동에 대한 관심 부족,,,,,,건강 상태 개선,체육활동 프로그램 확대,체육활동에 대한 관심 증가,,수영,,댄스스포츠,,중학교,졸업,기혼,2명,,3명,200,3,없음,,전업주부,,8280.94
40,서울,11170671471,1. 동부,아파트,여자,1955,1,67,② 별로 건강하지 않은 편이다,규칙적인 식사 및 영양보충,,② 별로 체력이 좋지 않은 편이다,규칙적인 식사 및 영양보충,,② 별로 수행하고 있지 않다,④ 잘 수행하고 있다,③ 보통이다,⑤ 매우 잘 수행하고 있다,,,없음,,알고 있다,공공체육시설,[공공체육시설] 체력단련장,[공공체육시설] 간이운동장(야외운동기구),,,,,,,,,,,,,,,거리상 가까워서,,,,공공체육시설,기타체육시설,자가시설,구매한 적 없다,,,,,,,,,,,,없다,,,,,관심있는 생활체육 프로그램 강습이 없어서,,아니오,,"체력관리 방법에 대한 정보가 없거나, 지식이 없어서 못하고 있다",,"대중매체 (신문, TV, 라디오 등)","가족과 지인 (친구, 동료 등)","지방자치단체의 홍보 (책자, 이메일, 문자 등)",,가입하지 않았다,,,,,,건강이 좋지 않아서,,예,"아쿠아로빅, 수중발레",,,지속적으로 건강 및 체력을 향상시킬 수 있기 때문에,,"걷기(조깅, 속보)",,,,,,,,,,,,,,,,,,,,전혀 하지 않는다,,,,,,,,,,,,,,,,,,,,,,,,,,,,,,,,,,,,,,,,,,,,,,,,,,,,,,,,,,,,,,,,,,,,,,,,,,,있다,건강상의 문제,체육활동에 대한 관심 부족,체육에 소질이 없음,,,,,,건강 상태 개선,체육활동 지출비용 여유,소득수준 증가,,"아쿠아로빅, 수중발레",,"아쿠아로빅, 수중발레",,중학교,졸업,기혼,2명,,1명,220,3,없음,,전업주부,,8865.87
41,서울,1117073154A,1. 동부,비아파트,여자,1985,10,36,④ 건강한 편이다,충분한 휴식 및 수면,,④ 체력이 좋은 편이다,규칙적인 식사 및 영양보충,,④ 잘 수행하고 있다,④ 잘 수행하고 있다,④ 잘 수행하고 있다,⑤ 매우 잘 수행하고 있다,,,없음,,알고 있다,기타체육시설,[기타체육시설] 공동주택단지 체육시설(아파트 등),,,,,,,,,,,,,,,,거리상 가까워서,,,,공공체육시설,기타체육시설,민간체육시설,구매한 적 없다,,,,,,,,,,,,없다,,,,,금전적인 여유가 없어서,,아니오,,"체력관리 방법에 대한 정보가 없거나, 지식이 없어서 못하고 있다",,"인터넷 (포털사이트, 유튜브, SNS 등)","대중매체 (신문, TV, 라디오 등)","지방자치단체의 홍보 (책자, 이메일, 문자 등)",,가입하지 않았다,,,,,,시간적인 여유가 없어서,,예,보디빌딩(헬스),,,지속적으로 건강 및 체력을 향상시킬 수 있기 때문에,,배드민턴,"걷기(조깅, 속보)",줄넘기,"체조(맨손체조, 생활체조)",,,,,,,,,,,,,,,,,일주일에 1번,"걷기(조깅, 속보)",일주일에 1번,평일,저녁(18시~22시),0,50,10,고강도,기타체육시설,도보,,0,5,,,,,,,,,,,,,,,,,,,,,,,,,,,건강유지 및 체력증진,스트레스 해소,체중조절 및 체형관리,,스스로,가족/친지,,,혼자,,④ 대체로 그렇다,체육활동 시 준비/정리운동 필수 실시,,없다,,,② 감소,0,④ 효과가 있다,⑤ 매우 효과가 있다,④ 효과가 있다,④ 효과가 있다,③ 변화 없음,,,,,체육활동 지출비용 여유,체육시설 접근성 확대,동반 참여자 확보,,보디빌딩(헬스),,댄스스포츠,,,,,,,,,,,,,,,,,,,대학(4년제 미만),졸업,기혼,4명,,2명,490,5,있음,서비스 종사자,,,9092.19
42,서울,1117073154A,1. 동부,비아파트,여자,1994,5,28,④ 건강한 편이다,충분한 휴식 및 수면,,④ 체력이 좋은 편이다,규칙적인 식사 및 영양보충,,③ 보통이다,④ 잘 수행하고 있다,⑤ 매우 잘 수행하고 있다,④ 잘 수행하고 있다,,,없음,,알고 있다,공공체육시설,[공공체육시설] 체력단련장,[공공체육시설] 간이운동장(야외운동기구),,,,,,,,,,,,,,,거리상 가까워서,,,,공공체육시설,기타체육시설,민간체육시설,구매한 적 없다,,,,,,,,,,,,없다,,,,,시간적인 여유가 없어서,,아니오,,"체력관리 방법에 대한 정보가 없거나, 지식이 없어서 못하고 있다",,"인터넷 (포털사이트, 유튜브, SNS 등)","대중매체 (신문, TV, 라디오 등)","체육시설/단체의 홍보 (책자, 이메일, 문자 등)",,가입하지 않았다,,,,,,시간적인 여유가 없어서,,예,"요가, 필라테스, 태보",,,지속적으로 건강 및 체력을 향상시킬 수 있기 때문에,,배드민턴,"걷기(조깅, 속보)",줄넘기,"체조(맨손체조, 생활체조)",,,,,,,,,,,,,,,,,일주일에 2번,줄넘기,일주일에 2번,평일,일정하지 않음,0,40,6,고강도,공공체육시설,도보,,0,5,,,,,,,,,,,,,,,,,,,,,,,,,,,체중조절 및 체형관리,자아실현 및 자기만족,스트레스 해소,,스스로,가족/친지,,,혼자,,⑤ 매우 그렇다,체육활동 시 안전용품 구비 및 보호장구 착용,,없다,,,② 감소,0,④ 효과가 있다,⑤ 매우 효과가 있다,④ 효과가 있다,③ 보통이다,③ 변화 없음,,,,,체육활동 가능시간 증가,체육활동 지출비용 여유,체육시설 접근성 확대,,보디빌딩(헬스),,"요가, 필라테스, 태보",,,,,,,,,,,,,,,,,,,대학교(4년제 이상),졸업,미혼,4명,,없음,650,7,있음,사무 종사자,,,9334.31
43,서울,1117073154A,1. 동부,비아파트,남자,1946,5,76,② 별로 건강하지 않은 편이다,규칙적인 식사 및 영양보충,,② 별로 체력이 좋지 않은 편이다,규칙적인 식사 및 영양보충,,② 별로 수행하고 있지 않다,④ 잘 수행하고 있다,④ 잘 수행하고 있다,⑤ 매우 잘 수행하고 있다,,,없음,,알고 있다,기타체육시설,[기타체육시설] 공동주택단지 체육시설(아파트 등),,,,,,,,,,,,,,,,거리상 가까워서,,,,기타체육시설,공공체육시설,민간체육시설,구매한 적 없다,,,,,,,,,,,,없다,,,,,관심있는 생활체육 프로그램 강습이 없어서,,아니오,,"체력관리 방법에 대한 정보가 없거나, 지식이 없어서 못하고 있다",,"가족과 지인 (친구, 동료 등)","대중매체 (신문, TV, 라디오 등)","지방자치단체의 홍보 (책자, 이메일, 문자 등)",,가입하지 않았다,,,,,,건강이 좋지 않아서,,예,게이트볼,,,지속적 체육활동 참여의 유인책이 되기 때문에,,"걷기(조깅, 속보)","체조(맨손체조, 생활체조)",,,,,,,,,,,,,,,,,,,전혀 하지 않는다,,,,,,,,,,,,,,,,,,,,,,,,,,,,,,,,,,,,,,,,,,,,,,,,,,,,,,,,,,,,,,,,,,,,,,,,,,,있다,건강상의 문제,체육활동에 대한 관심 부족,,,,,,,건강 상태 개선,체육활동 지출비용 여유,체육시설 접근성 확대,,게이트볼,,게이트볼,,중학교,졸업,기혼,2명,,3명,215,3,있음,단순노무 종사자,,,7112.49
44,서울,1117073154A,1. 동부,비아파트,남자,1966,11,55,④ 건강한 편이다,규칙적인 식사 및 영양보충,,④ 체력이 좋은 편이다,규칙적인 식사 및 영양보충,,② 별로 수행하고 있지 않다,③ 보통이다,④ 잘 수행하고 있다,③ 보통이다,,,없음,,알고 있다,기타,,,,,,,,,,,,,,,,,,,체육시설에 대한 정보가 없어서,,기타체육시설,민간체육시설,자가시설,구매한 적 없다,,,,,,,,,,,,없다,,,,,시간적인 여유가 없어서,,아니오,,"체력관리 방법에 대한 정보가 없거나, 지식이 없어서 못하고 있다",,"대중매체 (신문, TV, 라디오 등)","체육시설/단체의 홍보 (책자, 이메일, 문자 등)","지방자치단체의 홍보 (책자, 이메일, 문자 등)",,가입하지 않았다,,,,,,시간적인 여유가 없어서,,예,수영,,,지속적으로 건강 및 체력을 향상시킬 수 있기 때문에,,없음,,,,,,,,,,,,,,,,,,,,전혀 하지 않는다,,,,,,,,,,,,,,,,,,,,,,,,,,,,,,,,,,,,,,,,,,,,,,,,,,,,,,,,,,,,,,,,,,,,,,,,,,,없다,,,,,체육활동 가능시간 부족,체육시설 접근성 낮음,체육활동에 대한 관심 부족,,체육활동 가능시간 증가,소득수준 증가,체육활동 지출비용 여유,,수영,,"골프(그라운드, 파크 포함)",,고등학교,졸업,기혼,4명,,2명,530,6,있음,기능원 및 관련 기능 종사자,,,9179.64
45,서울,1117073154A,1. 동부,비아파트,남자,1975,12,46,④ 건강한 편이다,충분한 휴식 및 수면,,④ 체력이 좋은 편이다,규칙적인 식사 및 영양보충,,② 별로 수행하고 있지 않다,③ 보통이다,④ 잘 수행하고 있다,② 별로 수행하고 있지 않다,,,없음,,알고 있다,기타,,,,,,,,,,,,,,,,,,,체육활동 프로그램이 다양하지 않아서,,기타체육시설,공공체육시설,민간체육시설,구매한 적 없다,,,,,,,,,,,,없다,,,,,시간적인 여유가 없어서,,아니오,,"체력관리 방법에 대한 정보가 없거나, 지식이 없어서 못하고 있다",,"가족과 지인 (친구, 동료 등)","대중매체 (신문, TV, 라디오 등)","체육시설/단체의 홍보 (책자, 이메일, 문자 등)",,가입하지 않았다,,,,,,시간적인 여유가 없어서,,예,보디빌딩(헬스),,,지속적 체육활동 참여의 유인책이 되기 때문에,,없음,,,,,,,,,,,,,,,,,,,,전혀 하지 않는다,,,,,,,,,,,,,,,,,,,,,,,,,,,,,,,,,,,,,,,,,,,,,,,,,,,,,,,,,,,,,,,,,,,,,,,,,,,없다,,,,,체육활동 가능시간 부족,체육프로그램 부족,동반 참여자 부재,,체육활동 가능시간 증가,체육시설 접근성 확대,체육활동 지출비용 여유,,보디빌딩(헬스),,"골프(그라운드, 파크 포함)",,대학교(4년제 이상),졸업,기혼,4명,,2명,480,5,있음,사무 종사자,,,9141.76
46,서울,1117073154A,1. 동부,비아파트,남자,1990,6,32,⑤ 매우 건강한 편이다,규칙적인 식사 및 영양보충,,④ 체력이 좋은 편이다,규칙적인 체육활동,,⑤ 매우 잘 수행하고 있다,④ 잘 수행하고 있다,④ 잘 수행하고 있다,③ 보통이다,,,없음,,알고 있다,기타,,,,,,,,,,,,,,,,,,,체육활동에 시설이 필요하지 않아서,체육활동에 시설이 필요하지 않음,공공체육시설,민간체육시설,기타체육시설,구매한 적 없다,,,,,,,,,,,,없다,,,,,시간적인 여유가 없어서,,아니오,,"체력관리 방법에 대한 정보가 없거나, 지식이 없어서 못하고 있다",,"대중매체 (신문, TV, 라디오 등)","체육시설/단체의 홍보 (책자, 이메일, 문자 등)","지방자치단체의 홍보 (책자, 이메일, 문자 등)",,가입하지 않았다,,,,,,시간적인 여유가 없어서,,예,보디빌딩(헬스),"당구, 포켓볼",,지속적 체육활동 참여의 유인책이 되기 때문에,,"걷기(조깅, 속보)","체조(맨손체조, 생활체조)",등산,,,,,,,,,,,,,,,,,,한 달에 3번 이하,등산,한 달에 3번 이하,휴일,오전(8~12시),2,0,8,중강도,공공체육시설,버스(대중교통),,0,10,,,,,,,,,,,,,,,,,,,,,,,,,,,체중조절 및 체형관리,개인의 즐거움,건강유지 및 체력증진,,친구,스스로,가족/친지,,친구(연인 포함),,④ 대체로 그렇다,체육활동 시 안전용품 구비 및 보호장구 착용,,없다,,,③ 변화 없음,20000,⑤ 매우 효과가 있다,⑤ 매우 효과가 있다,③ 보통이다,④ 효과가 있다,③ 변화 없음,,,,,체육활동 지출비용 여유,동반 참여자 확보,체육시설 접근성 확대,,"당구, 포켓볼",,보디빌딩(헬스),,,,,,,,,,,,,,,,,,,대학교(4년제 이상),졸업,미혼,3명,,없음,450,5,있음,사무 종사자,,,9108.36
47,서울,1117073154A,1. 동부,비아파트,여자,1961,8,61,④ 건강한 편이다,규칙적인 식사 및 영양보충,,③ 보통이다,충분한 휴식 및 수면,,④ 잘 수행하고 있다,④ 잘 수행하고 있다,③ 보통이다,⑤ 매우 잘 수행하고 있다,,,없음,,알고 있다,공공체육시설,[공공체육시설] 체력단련장,[공공체육시설] 간이운동장(야외운동기구),,,,,,,,,,,,,,,거리상 가까워서,,,,공공체육시설,민간체육시설,기타체육시설,구매한 적 없다,,,,,,,,,,,,없다,,,,,시간적인 여유가 없어서,,아니오,,"체력관리 방법에 대한 정보가 없거나, 지식이 없어서 못하고 있다",,"지방자치단체의 홍보 (책자, 이메일, 문자 등)","체육시설/단체의 홍보 (책자, 이메일, 문자 등)","대중매체 (신문, TV, 라디오 등)",,가입하지 않았다,,,,,,관심있는 체육 동호회가 없어서,,예,댄스스포츠,,,지속적 체육활동 참여의 유인책이 되기 때문에,,배드민턴,"걷기(조깅, 속보)",줄넘기,"체조(맨손체조, 생활체조)",등산,,,,,,,,,,,,,,,,한 달에 3번 이하,등산,한 달에 3번 이하,휴일,오전(8~12시),3,0,12,중강도,공공체육시설,버스(대중교통),,0,15,,,,,,,,,,,,,,,,,,,,,,,,,,,건강유지 및 체력증진,스트레스 해소,자아실현 및 자기만족,,스스로,친구,가족/친지,,친구(연인 포함),,④ 대체로 그렇다,안전사고 예방수칙 실천,,없다,,,③ 변화 없음,30000,④ 효과가 있다,⑤ 매우 효과가 있다,④ 효과가 있다,④ 효과가 있다,③ 변화 없음,,,,,체육활동 지출비용 여유,체육시설 접근성 확대,체육활동 가능시간 증가,,댄스스포츠,,"요가, 필라테스, 태보",,,,,,,,,,,,,,,,,,,고등학교,졸업,기혼,3명,,3명,455,5,없음,,전업주부,,8865.87
48,서울,1117073154A,1. 동부,비아파트,여자,1964,2,58,④ 건강한 편이다,충분한 휴식 및 수면,,③ 보통이다,규칙적인 식사 및 영양보충,,④ 잘 수행하고 있다,⑤ 매우 잘 수행하고 있다,⑤ 매우 잘 수행하고 있다,④ 잘 수행하고 있다,,,없음,,알고 있다,민간체육시설,[민간체육시설] 수영장,,,,,,,,,,,,,,,,거리상 가까워서,,,,민간체육시설,공공체육시설,자가시설,구매한 적 있다,스포츠의류,,,,,,9,,,,,있다,수영,,,12,,,예,민간시설에서 운영하는 체력관리 프로그램을 이용하고 있다,,,"대중매체 (신문, TV, 라디오 등)","체육시설/단체의 홍보 (책자, 이메일, 문자 등)","지방자치단체의 홍보 (책자, 이메일, 문자 등)",,가입하지 않았다,,,,,,시간적인 여유가 없어서,,예,"아쿠아로빅, 수중발레",,,지속적으로 건강 및 체력을 향상시킬 수 있기 때문에,,"걷기(조깅, 속보)",수영,줄넘기,"체조(맨손체조, 생활체조)",,,,,,,,,,,,,,,,,일주일에 2번,수영,일주일에 2번,평일,오전(8~12시),1,0,12,고강도,민간체육시설,자가용 승용/승합차,,0,5,,,,,,,,,,,,,,,,,,,,,,,,,,,스트레스 해소,자아실현 및 자기만족,운동 수행 능력 향상,,친구,스스로,지도자(교사 제외),,친구(연인 포함),,④ 대체로 그렇다,체육활동 시 안전용품 구비 및 보호장구 착용,,없다,,,② 감소,140000,⑤ 매우 효과가 있다,④ 효과가 있다,④ 효과가 있다,④ 효과가 있다,③ 변화 없음,,,,,체육활동 가능시간 증가,체육활동 지출비용 여유,체육시설 접근성 확대,,"요가, 필라테스, 태보",,"골프(그라운드, 파크 포함)",,,,,,,,,,,,,,,,,,,고등학교,졸업,기혼,4명,,2명,550,6,있음,판매 종사자,,,9472.71
49,서울,1117073154A,1. 동부,비아파트,여자,1950,3,72,② 별로 건강하지 않은 편이다,규칙적인 식사 및 영양보충,,② 별로 체력이 좋지 않은 편이다,충분한 휴식 및 수면,,③ 보통이다,④ 잘 수행하고 있다,④ 잘 수행하고 있다,④ 잘 수행하고 있다,,,없음,,알고 있다,공공체육시설,[공공체육시설] 전천후게이트볼장,[공공체육시설] 체력단련장,[공공체육시설] 간이운동장(야외운동기구),,,,,,,,,,,,,,거리상 가까워서,,,,공공체육시설,민간체육시설,기타체육시설,구매한 적 없다,,,,,,,,,,,,있다,게이트볼,,,5,,,아니오,,"체력관리 방법에 대한 정보가 없거나, 지식이 없어서 못하고 있다",,"대중매체 (신문, TV, 라디오 등)","지방자치단체의 홍보 (책자, 이메일, 문자 등)","체육시설/단체의 홍보 (책자, 이메일, 문자 등)",,가입하여 현재 운동하고 있다,게이트볼,,,여러 사람과 어울려 운동하는 것이 좋아서,,,,아니오,,,,,,게이트볼,"걷기(조깅, 속보)",,,,,,,,,,,,,,,,,,,일주일에 1번,게이트볼,일주일에 1번,평일,오전(8~12시),1,20,6,저강도,공공체육시설,버스(대중교통),,0,15,,,,,,,,,,,,,,,,,,,,,,,,,,,대인관계 및 사교,건강유지 및 체력증진,스트레스 해소,,지도자(교사 제외),친구,가족/친지,,친구(연인 포함),,④ 대체로 그렇다,"체육기구, 장비 등의 주기적 점검",,없다,,,③ 변화 없음,20000,④ 효과가 있다,⑤ 매우 효과가 있다,④ 효과가 있다,③ 보통이다,③ 변화 없음,,,,,체육시설 접근성 확대,체육활동 지출비용 여유,체육활동 가능시간 증가,,"아쿠아로빅, 수중발레",,"아쿠아로빅, 수중발레",,,,,,,,,,,,,,,,,,,중학교,졸업,기혼,2명,,3명,260,3,없음,,전업주부,,8280.94
50,서울,1117073154A,1. 동부,비아파트,남자,2004,2,18,④ 건강한 편이다,규칙적인 식사 및 영양보충,,④ 체력이 좋은 편이다,규칙적인 식사 및 영양보충,,② 별로 수행하고 있지 않다,④ 잘 수행하고 있다,④ 잘 수행하고 있다,⑤ 매우 잘 수행하고 있다,,,없음,,알고 있다,학교체육시설,,,,,,,,,,,,,,,,,거리상 가까워서,,,,공공체육시설,민간체육시설,자가시설,구매한 적 없다,,,,,,,,,,,,없다,,,,,시간적인 여유가 없어서,,아니오,,"체력관리 방법에 대한 정보가 없거나, 지식이 없어서 못하고 있다",,"인터넷 (포털사이트, 유튜브, SNS 등)","체육시설/단체의 홍보 (책자, 이메일, 문자 등)","대중매체 (신문, TV, 라디오 등)",,가입하지 않았다,,,,,,시간적인 여유가 없어서,,예,"축구, 풋살","인라인하키, 필드하키",,지속적 체육활동 참여의 유인책이 되기 때문에,,"걷기(조깅, 속보)","자전거, 사이클, 산악자전거","체조(맨손체조, 생활체조)",,,,,,,,,,,,,,,,,,전혀 하지 않는다,,,,,,,,,,,,,,,,,,,,,,,,,,,,,,,,,,,,,,,,,,,,,,,,,,,,,,,,,,,,,,,,,,,,,,,,,,,있다,체육활동 가능시간 부족,동반 참여자 부재,체육활동 정보 부족,,,,,,체육활동 가능시간 증가,체육활동 지출비용 여유,체육시설 접근성 확대,,수영,,암벽등반,,고등학교,재학,미혼,4명,,없음,500,6,없음,,학생,,6334.22
51,서울,1107073102A,1. 동부,비아파트,남자,1944,7,78,⑤ 매우 건강한 편이다,충분한 휴식 및 수면,,⑤ 매우 체력이 좋은 편이다,규칙적인 체육활동,,④ 잘 수행하고 있다,⑤ 매우 잘 수행하고 있다,⑤ 매우 잘 수행하고 있다,③ 보통이다,,,없음,,알고 있다,민간체육시설,[민간체육시설] 체력단련장,,,,,,,,,,,,,,,,전문적인 체육시설을 갖추고 있어서,,,,민간체육시설,공공체육시설,자가시설,구매한 적 있다,스포츠의류,스포츠신발류,,,,,20,10,,,,있다,보디빌딩(헬스),수영,,3,,,예,민간시설에서 운영하는 체력관리 프로그램을 이용하고 있다,,,"체육시설/단체의 홍보 (책자, 이메일, 문자 등)","대중매체 (신문, TV, 라디오 등)","인터넷 (포털사이트, 유튜브, SNS 등)",,가입하지 않았다,,,,,,관심있는 체육 동호회가 없어서,,아니오,,,,,,보디빌딩(헬스),,,,,,,,,,,,,,,,,,,,일주일에 4번,보디빌딩(헬스),일주일에 4번,평일/휴일,일정하지 않음,1,20,6,중강도,민간체육시설,도보,,0,15,,,,,,,,,,,,,,,,,,,,,,,,,,,건강유지 및 체력증진,자아실현 및 자기만족,여가 선용,,스스로,대중매체,친구,,혼자,,⑤ 매우 그렇다,체육활동 시 준비/정리운동 필수 실시,,없다,,,③ 변화 없음,100000,⑤ 매우 효과가 있다,⑤ 매우 효과가 있다,④ 효과가 있다,④ 효과가 있다,③ 변화 없음,,,,,체육활동 가능시간 증가,체육활동 지출비용 여유,체육시설 접근성 확대,,테니스,,스킨스쿠버,,,,,,,,,,,,,,,,,,,대학교(4년제 이상),졸업,미혼,4명,,없음,820,9,있음,사무 종사자,,,7112.49
52,서울,1107073102A,1. 동부,비아파트,남자,1986,2,36,⑤ 매우 건강한 편이다,충분한 휴식 및 수면,,④ 체력이 좋은 편이다,규칙적인 체육활동,,② 별로 수행하고 있지 않다,④ 잘 수행하고 있다,④ 잘 수행하고 있다,④ 잘 수행하고 있다,,,없음,,알고 있다,기타,,,,,,,,,,,,,,,,,,,시간적 여유가 없어서,,민간체육시설,공공체육시설,기타체육시설,구매한 적 없다,,,,,,,,,,,,없다,,,,,시간적인 여유가 없어서,,아니오,,"체력관리 방법에 대한 정보가 없거나, 지식이 없어서 못하고 있다",,"대중매체 (신문, TV, 라디오 등)","인터넷 (포털사이트, 유튜브, SNS 등)","가족과 지인 (친구, 동료 등)",,가입하지 않았다,,,,,,여러 사람들과 어울려 활동하는 것을 좋아하지 않아서,,아니오,,,,,,없음,,,,,,,,,,,,,,,,,,,,전혀 하지 않는다,,,,,,,,,,,,,,,,,,,,,,,,,,,,,,,,,,,,,,,,,,,,,,,,,,,,,,,,,,,,,,,,,,,,,,,,,,,없다,,,,,체육활동 가능시간 부족,건강과 체력에 자신 있어 필요성을 느끼지 못함,체육에 소질이 없음,,체육활동 가능시간 증가,체육활동에 대한 관심 증가,체육활동 지출비용 여유,,보디빌딩(헬스),,"골프(그라운드, 파크 포함)",,대학교(4년제 이상),졸업,기혼,4명,,2명,550,6,있음,서비스 종사자,,,9108.36
53,서울,1107073102A,1. 동부,비아파트,남자,1974,9,48,④ 건강한 편이다,충분한 휴식 및 수면,,④ 체력이 좋은 편이다,규칙적인 체육활동,,④ 잘 수행하고 있다,④ 잘 수행하고 있다,⑤ 매우 잘 수행하고 있다,③ 보통이다,,,없음,,알고 있다,공공체육시설,[공공체육시설] 탁구장,,,,,,,,,,,,,,,,시설이용료가 무료 또는 저렴해서,,,,공공체육시설,민간체육시설,기타체육시설,구매한 적 있다,스포츠의류,스포츠신발류,구기류,라켓류(배트 포함),,,10,10,3,5,,있다,탁구,,,3,,,아니오,,"체력관리 방법에 대한 정보가 없거나, 지식이 없어서 못하고 있다",,"대중매체 (신문, TV, 라디오 등)","가족과 지인 (친구, 동료 등)","인터넷 (포털사이트, 유튜브, SNS 등)",,가입하여 현재 운동하고 있다,탁구,,,여러 사람과 어울려 운동하는 것이 좋아서,,,,아니오,,,,,,탁구,,,,,,,,,,,,,,,,,,,,한 달에 3번 이하,탁구,한 달에 3번 이하,휴일,오전(8~12시),2,0,10,중강도,공공체육시설,자가용 승용/승합차,,0,20,,,,,,,,,,,,,,,,,,,,,,,,,,,여가 선용,건강유지 및 체력증진,대인관계 및 사교,,스스로,친구,체육 동호회,,동호회 회원,,⑤ 매우 그렇다,체력수준을 고려한 운동 실시,,없다,,,② 감소,30000,⑤ 매우 효과가 있다,⑤ 매우 효과가 있다,④ 효과가 있다,④ 효과가 있다,③ 변화 없음,,,,,체육활동 가능시간 증가,체육활동 지출비용 여유,동반 참여자 확보,,보디빌딩(헬스),,"골프(그라운드, 파크 포함)",,,,,,,,,,,,,,,,,,,대학교(4년제 이상),졸업,기혼,4명,,2명,660,7,있음,사무 종사자,,,9141.76
54,서울,1107073102A,1. 동부,비아파트,남자,1956,4,66,④ 건강한 편이다,규칙적인 식사 및 영양보충,,③ 보통이다,규칙적인 체육활동,,② 별로 수행하고 있지 않다,④ 잘 수행하고 있다,④ 잘 수행하고 있다,③ 보통이다,,,없음,,알고 있다,공공체육시설,[공공체육시설] 간이운동장(야외운동기구),,,,,,,,,,,,,,,,시설이용료가 무료 또는 저렴해서,,,,공공체육시설,민간체육시설,기타체육시설,구매한 적 있다,스포츠의류,스포츠신발류,,,,,20,15,,,,없다,,,,,관심있는 생활체육 프로그램 강습이 없어서,,아니오,,"체력관리 방법을 알고 있으나, 비용이 많이 들어 못하고 있다",,"대중매체 (신문, TV, 라디오 등)","가족과 지인 (친구, 동료 등)","인터넷 (포털사이트, 유튜브, SNS 등)",,가입하여 현재 운동하고 있다,등산,,,여러 사람과 어울려 운동하는 것이 좋아서,,,,아니오,,,,,,등산,,,,,,,,,,,,,,,,,,,,한 달에 3번 이하,등산,한 달에 3번 이하,휴일,오전(8~12시),6,0,6,중강도,공공체육시설,자가용 승용/승합차,,1,0,,,,,,,,,,,,,,,,,,,,,,,,,,,여가 선용,건강유지 및 체력증진,대인관계 및 사교,,스스로,체육 동호회,친구,,동호회 회원,,④ 대체로 그렇다,안전사고 예방수칙 실천,,없다,,,③ 변화 없음,50000,⑤ 매우 효과가 있다,⑤ 매우 효과가 있다,⑤ 매우 효과가 있다,④ 효과가 있다,③ 변화 없음,,,,,체육활동 가능시간 증가,체육활동 지출비용 여유,동반 참여자 확보,,낚시,,사격,,,,,,,,,,,,,,,,,,,고등학교,졸업,기혼,3명,,2명,640,7,있음,서비스 종사자,,,8435.38
55,서울,1107073102A,1. 동부,비아파트,여자,2006,9,16,⑤ 매우 건강한 편이다,충분한 휴식 및 수면,,⑤ 매우 체력이 좋은 편이다,규칙적인 식사 및 영양보충,,② 별로 수행하고 있지 않다,④ 잘 수행하고 있다,④ 잘 수행하고 있다,⑤ 매우 잘 수행하고 있다,,,없음,,알고 있다,학교체육시설,,,,,,,,,,,,,,,,,체육활동 프로그램이 다양해서,,,,민간체육시설,공공체육시설,자가시설,구매한 적 없다,,,,,,,,,,,,없다,,,,,시간적인 여유가 없어서,,아니오,,"체력관리 방법에 대한 정보가 없거나, 지식이 없어서 못하고 있다",,"학교 (단체중심의 프로그램, 교육)","인터넷 (포털사이트, 유튜브, SNS 등)","가족과 지인 (친구, 동료 등)",,가입하지 않았다,,,,,,시간적인 여유가 없어서,,아니오,,,,,,"체조(맨손체조, 생활체조)",,,,,,,,,,,,,,,,,,,,전혀 하지 않는다,,,,,,,,,,,,,,,,,,,,,,,,,,,,,,,,,,,,,,,,,,,,,,,,,,,,,,,,,,,,,,,,,,,,,,,,,,,있다,체육활동 가능시간 부족,건강과 체력에 자신 있어 필요성을 느끼지 못함,체육활동에 대한 관심 부족,,,,,,체육활동 가능시간 증가,체육활동에 대한 관심 증가,체육활동 지출비용 여유,,수영,,"스노우보드, 스키",,고등학교,재학,미혼,4명,,없음,660,7,없음,,학생,,6457.81
56,서울,1107073102A,1. 동부,비아파트,여자,1998,10,23,⑤ 매우 건강한 편이다,충분한 휴식 및 수면,,④ 체력이 좋은 편이다,규칙적인 체육활동,,③ 보통이다,④ 잘 수행하고 있다,④ 잘 수행하고 있다,④ 잘 수행하고 있다,,,없음,,알고 있다,민간체육시설,[민간체육시설] 체력단련장,,,,,,,,,,,,,,,,전문적인 체육시설을 갖추고 있어서,,,,민간체육시설,공공체육시설,직장체육시설,구매한 적 있다,스포츠의류,스포츠신발류,,,,,10,7,,,,있다,"요가, 필라테스, 태보",,,5,,,예,민간시설에서 운영하는 체력관리 프로그램을 이용하고 있다,,,"인터넷 (포털사이트, 유튜브, SNS 등)","가족과 지인 (친구, 동료 등)","대중매체 (신문, TV, 라디오 등)",,가입하지 않았다,,,,,,여러 사람들과 어울려 활동하는 것을 좋아하지 않아서,,아니오,,,,,,"요가, 필라테스, 태보",,,,,,,,,,,,,,,,,,,,일주일에 2번,"요가, 필라테스, 태보",일주일에 2번,평일,저녁(18시~22시),1,0,5,중강도,민간체육시설,버스(대중교통),,0,20,,,,,,,,,,,,,,,,,,,,,,,,,,,여가 선용,체중조절 및 체형관리,스트레스 해소,,스스로,대중매체,친구,,혼자,,④ 대체로 그렇다,체력수준을 고려한 운동 실시,,없다,,,③ 변화 없음,100000,④ 효과가 있다,⑤ 매우 효과가 있다,④ 효과가 있다,③ 보통이다,③ 변화 없음,,,,,체육활동 가능시간 증가,체육활동 지출비용 여유,체육시설 접근성 확대,,테니스,,"골프(그라운드, 파크 포함)",,,,,,,,,,,,,,,,,,,대학교(4년제 이상),졸업,미혼,3명,,없음,780,8,있음,사무 종사자,,,9334.31
57,서울,1107073102A,1. 동부,비아파트,여자,1991,5,31,④ 건강한 편이다,규칙적인 식사 및 영양보충,,③ 보통이다,규칙적인 체육활동,,① 전혀 수행하고 있지 않다,④ 잘 수행하고 있다,④ 잘 수행하고 있다,④ 잘 수행하고 있다,,,없음,,알고 있다,기타,,,,,,,,,,,,,,,,,,,시간적 여유가 없어서,,민간체육시설,공공체육시설,자가시설,구매한 적 없다,,,,,,,,,,,,없다,,,,,관심있는 생활체육 프로그램 강습이 없어서,,아니오,,"체력관리 방법에 대한 정보가 없거나, 지식이 없어서 못하고 있다",,"인터넷 (포털사이트, 유튜브, SNS 등)","대중매체 (신문, TV, 라디오 등)","가족과 지인 (친구, 동료 등)",,가입하지 않았다,,,,,,관심있는 체육 동호회가 없어서,,아니오,,,,,,없음,,,,,,,,,,,,,,,,,,,,전혀 하지 않는다,,,,,,,,,,,,,,,,,,,,,,,,,,,,,,,,,,,,,,,,,,,,,,,,,,,,,,,,,,,,,,,,,,,,,,,,,,,없다,,,,,체육활동 가능시간 부족,체육활동에 대한 관심 부족,건강과 체력에 자신 있어 필요성을 느끼지 못함,,체육활동 가능시간 증가,체육활동 지출비용 여유,동반 참여자 확보,,"요가, 필라테스, 태보",,스킨스쿠버,,대학교(4년제 이상),졸업,기혼,3명,,1명,660,7,있음,사무 종사자,,,9092.19
58,서울,1107073102A,1. 동부,비아파트,여자,1977,3,45,④ 건강한 편이다,충분한 휴식 및 수면,,③ 보통이다,규칙적인 체육활동,,④ 잘 수행하고 있다,④ 잘 수행하고 있다,⑤ 매우 잘 수행하고 있다,④ 잘 수행하고 있다,,,없음,,알고 있다,공공체육시설,[공공체육시설] 수영장,,,,,,,,,,,,,,,,시설이용료가 무료 또는 저렴해서,,,,공공체육시설,민간체육시설,자가시설,구매한 적 있다,스포츠의류,,,,,,10,,,,,있다,수영,,,6,,,아니오,,마땅한 상담과 관리를 받을 만한 시설이나 프로그램이 없어서 못하고 있다,,"가족과 지인 (친구, 동료 등)","대중매체 (신문, TV, 라디오 등)","체육시설/단체의 홍보 (책자, 이메일, 문자 등)",,가입하지 않았다,,,,,,여러 사람들과 어울려 활동하는 것을 좋아하지 않아서,,아니오,,,,,,수영,,,,,,,,,,,,,,,,,,,,일주일에 1번,수영,일주일에 1번,평일,오전(8~12시),1,0,6,중강도,공공체육시설,버스(대중교통),,0,20,,,,,,,,,,,,,,,,,,,,,,,,,,,건강유지 및 체력증진,체중조절 및 체형관리,자아실현 및 자기만족,,스스로,가족/친지,대중매체,,혼자,,⑤ 매우 그렇다,안전사고 예방수칙 실천,,없다,,,② 감소,70000,④ 효과가 있다,④ 효과가 있다,④ 효과가 있다,④ 효과가 있다,④ 증가,체육활동에 대한 관심,체육활동 가능시간,건강 상태,,체육활동 가능시간 증가,체육활동 지출비용 여유,체육활동에 대한 관심 증가,,"요가, 필라테스, 태보",,"골프(그라운드, 파크 포함)",,,,,,,,,,,,,,,,,,,대학(4년제 미만),졸업,기혼,4명,,2명,640,7,있음,서비스 종사자,,,9143.44
59,서울,1107073102A,1. 동부,비아파트,여자,1964,7,58,③ 보통이다,규칙적인 식사 및 영양보충,,③ 보통이다,규칙적인 체육활동,,③ 보통이다,⑤ 매우 잘 수행하고 있다,⑤ 매우 잘 수행하고 있다,⑤ 매우 잘 수행하고 있다,,,없음,,알고 있다,자가시설,,,,,,,,,,,,,,,,,시설이용료가 무료 또는 저렴해서,,,,자가시설,민간체육시설,공공체육시설,구매한 적 없다,,,,,,,,,,,,없다,,,,,관심있는 생활체육 프로그램 강습이 없어서,,아니오,,마땅한 상담과 관리를 받을 만한 시설이나 프로그램이 없어서 못하고 있다,,"가족과 지인 (친구, 동료 등)","대중매체 (신문, TV, 라디오 등)","인터넷 (포털사이트, 유튜브, SNS 등)",,가입하지 않았다,,,,,,여러 사람들과 어울려 활동하는 것을 좋아하지 않아서,,아니오,,,,,,"체조(맨손체조, 생활체조)",,,,,,,,,,,,,,,,,,,,일주일에 4번,"체조(맨손체조, 생활체조)",일주일에 4번,평일,오전(8~12시),0,50,12,저강도,자가시설,없음,,0,0,,,,,,,,,,,,,,,,,,,,,,,,,,,건강유지 및 체력증진,체중조절 및 체형관리,시간 소비,,스스로,가족/친지,대중매체,,혼자,,④ 대체로 그렇다,체력수준을 고려한 운동 실시,,없다,,,③ 변화 없음,0,④ 효과가 있다,④ 효과가 있다,④ 효과가 있다,③ 보통이다,③ 변화 없음,,,,,체육활동 가능시간 증가,소득수준 증가,체육시설 접근성 확대,,"아쿠아로빅, 수중발레",,"골프(그라운드, 파크 포함)",,,,,,,,,,,,,,,,,,,대학(4년제 미만),졸업,기혼,3명,,2명,430,5,없음,,전업주부,,9472.71
60,서울,1107073102A,1. 동부,비아파트,여자,1946,12,75,② 별로 건강하지 않은 편이다,규칙적인 식사 및 영양보충,,② 별로 체력이 좋지 않은 편이다,충분한 휴식 및 수면,,① 전혀 수행하고 있지 않다,④ 잘 수행하고 있다,④ 잘 수행하고 있다,⑤ 매우 잘 수행하고 있다,,,없음,,알고 있다,기타,,,,,,,,,,,,,,,,,,,체육시설에 대한 정보가 없어서,,자가시설,공공체육시설,기타체육시설,구매한 적 없다,,,,,,,,,,,,없다,,,,,관심있는 생활체육 프로그램 강습이 없어서,,아니오,,"체력관리 방법에 대한 정보가 없거나, 지식이 없어서 못하고 있다",,"대중매체 (신문, TV, 라디오 등)","가족과 지인 (친구, 동료 등)","지방자치단체의 홍보 (책자, 이메일, 문자 등)",,가입하지 않았다,,,,,,건강이 좋지 않아서,,아니오,,,,,,없음,,,,,,,,,,,,,,,,,,,,전혀 하지 않는다,,,,,,,,,,,,,,,,,,,,,,,,,,,,,,,,,,,,,,,,,,,,,,,,,,,,,,,,,,,,,,,,,,,,,,,,,,,없다,,,,,건강상의 문제,동반 참여자 부재,체육에 소질이 없음,,건강 상태 개선,동반 참여자 확보,체육활동에 대한 관심 증가,,"걷기(조깅, 속보)",,"아쿠아로빅, 수중발레",,중학교,졸업,기혼,2명,,3명,220,3,없음,,전업주부,,8280.94
61,서울,11200660601,1. 동부,아파트,여자,1970,3,52,② 별로 건강하지 않은 편이다,규칙적인 식사 및 영양보충,,② 별로 체력이 좋지 않은 편이다,규칙적인 체육활동,,② 별로 수행하고 있지 않다,③ 보통이다,② 별로 수행하고 있지 않다,④ 잘 수행하고 있다,,,없음,,알고 있다,공공체육시설,[공공체육시설] 간이운동장(야외운동기구),,,,,,,,,,,,,,,,거리상 가까워서,,,,기타체육시설,공공체육시설,민간체육시설,구매한 적 없다,,,,,,,,,,,,없다,,,,,시간적인 여유가 없어서,,아니오,,"체력관리 방법을 알고 있으나, 비용이 많이 들어 못하고 있다",,"체육시설/단체의 홍보 (책자, 이메일, 문자 등)","가족과 지인 (친구, 동료 등)","인터넷 (포털사이트, 유튜브, SNS 등)",,가입하지 않았다,,,,,,시간적인 여유가 없어서,,아니오,,,,,,"걷기(조깅, 속보)",,,,,,,,,,,,,,,,,,,,일주일에 1번,"걷기(조깅, 속보)",일주일에 1번,휴일,점심(12~14시),1,0,2,저강도,공공체육시설,도보,,0,15,,,,,,,,,,,,,,,,,,,,,,,,,,,건강유지 및 체력증진,체중조절 및 체형관리,스트레스 해소,,스스로,가족/친지,친구,,가족 및 친인척,,③ 보통이다,체력수준을 고려한 운동 실시,,없다,,,③ 변화 없음,50000,③ 보통이다,③ 보통이다,④ 효과가 있다,③ 보통이다,④ 증가,체육활동 가능시간,건강 상태,체육활동 정보,,체육활동 가능시간 증가,체육활동 지출비용 여유,체육시설 접근성 확대,,"아쿠아로빅, 수중발레",,"골프(그라운드, 파크 포함)",,,,,,,,,,,,,,,,,,,대학교(4년제 이상),졸업,기혼,4명,,2명,620,7,없음,,전업주부,,9472.71
62,서울,11200660601,1. 동부,아파트,여자,2004,10,17,③ 보통이다,규칙적인 식사 및 영양보충,,② 별로 체력이 좋지 않은 편이다,규칙적인 식사 및 영양보충,,② 별로 수행하고 있지 않다,② 별로 수행하고 있지 않다,③ 보통이다,④ 잘 수행하고 있다,,,없음,,알고 있다,공공체육시설,[공공체육시설] 간이운동장(야외운동기구),,,,,,,,,,,,,,,,시설이용료가 무료 또는 저렴해서,,,,학교체육시설,기타체육시설,공공체육시설,구매한 적 없다,,,,,,,,,,,,없다,,,,,금전적인 여유가 없어서,,아니오,,"체력관리 방법을 알고 있으나, 비용이 많이 들어 못하고 있다",,"체육시설/단체의 홍보 (책자, 이메일, 문자 등)","대중매체 (신문, TV, 라디오 등)","인터넷 (포털사이트, 유튜브, SNS 등)",,가입하지 않았다,,,,,,금전적인 여유가 없어서,,아니오,,,,,,"걷기(조깅, 속보)",,,,,,,,,,,,,,,,,,,,한 달에 3번 이하,"걷기(조깅, 속보)",한 달에 3번 이하,휴일,점심(12~14시),1,0,2,저강도,공공체육시설,도보,,0,10,,,,,,,,,,,,,,,,,,,,,,,,,,,건강유지 및 체력증진,체중조절 및 체형관리,스트레스 해소,,친구,대중매체,스스로,,친구(연인 포함),,③ 보통이다,체력수준을 고려한 운동 실시,,없다,,,② 감소,5000,③ 보통이다,③ 보통이다,④ 효과가 있다,③ 보통이다,④ 증가,체육활동 가능시간,건강 상태,체육시설 접근성,,체육활동 가능시간 증가,건강 상태 개선,체육활동 정보 접근성 확대,,"요가, 필라테스, 태보",,암벽등반,,,,,,,,,,,,,,,,,,,고등학교,재학,미혼,4명,,없음,570,6,없음,,학생,,6457.81
63,서울,11200660601,1. 동부,아파트,남자,1950,10,71,③ 보통이다,충분한 휴식 및 수면,,④ 체력이 좋은 편이다,규칙적인 식사 및 영양보충,,③ 보통이다,③ 보통이다,③ 보통이다,④ 잘 수행하고 있다,,,없음,,알고 있다,기타체육시설,[기타체육시설] 복지시설,,,,,,,,,,,,,,,,시설이용료가 무료 또는 저렴해서,,,,기타체육시설,공공체육시설,민간체육시설,구매한 적 있다,스포츠의류,,,,,,9,,,,,없다,,,,,금전적인 여유가 없어서,,아니오,,"체력관리 방법을 알고 있으나, 비용이 많이 들어 못하고 있다",,"체육시설/단체의 홍보 (책자, 이메일, 문자 등)","대중매체 (신문, TV, 라디오 등)","가족과 지인 (친구, 동료 등)",,가입하지 않았다,,,,,,관심있는 체육 동호회가 없어서,,아니오,,,,,,보디빌딩(헬스),,,,,,,,,,,,,,,,,,,,일주일에 3번,보디빌딩(헬스),일주일에 3번,평일/휴일,저녁(18시~22시),1,30,4,중강도,기타체육시설,도보,,0,20,,,,,,,,,,,,,,,,,,,,,,,,,,,건강유지 및 체력증진,체중조절 및 체형관리,개인의 즐거움,,대중매체,스스로,친구,,친구(연인 포함),,③ 보통이다,체력수준을 고려한 운동 실시,,없다,,,② 감소,60000,③ 보통이다,③ 보통이다,④ 효과가 있다,③ 보통이다,④ 증가,체육활동 가능시간,건강 상태,체육시설 접근성,,소득수준 증가,체육활동 가능시간 증가,건강 상태 개선,,"자전거, 사이클, 산악자전거",,"골프(그라운드, 파크 포함)",,,,,,,,,,,,,,,,,,,대학교(4년제 이상),졸업,기혼,4명,,2명,480,5,있음,기능원 및 관련 기능 종사자,,,7112.49
64,서울,11200660601,1. 동부,아파트,남자,1970,5,52,④ 건강한 편이다,충분한 휴식 및 수면,,② 별로 체력이 좋지 않은 편이다,규칙적인 식사 및 영양보충,,② 별로 수행하고 있지 않다,③ 보통이다,③ 보통이다,③ 보통이다,,,없음,,알고 있다,기타,,,,,,,,,,,,,,,,,,,시간적 여유가 없어서,,직장체육시설,기타체육시설,공공체육시설,구매한 적 없다,,,,,,,,,,,,없다,,,,,시간적인 여유가 없어서,,아니오,,"체력관리 방법을 알고 있으나, 비용이 많이 들어 못하고 있다",,"인터넷 (포털사이트, 유튜브, SNS 등)","체육시설/단체의 홍보 (책자, 이메일, 문자 등)","가족과 지인 (친구, 동료 등)",,가입하지 않았다,,,,,,관심있는 체육 동호회가 없어서,,아니오,,,,,,보디빌딩(헬스),,,,,,,,,,,,,,,,,,,,전혀 하지 않는다,,,,,,,,,,,,,,,,,,,,,,,,,,,,,,,,,,,,,,,,,,,,,,,,,,,,,,,,,,,,,,,,,,,,,,,,,,,있다,체육활동 가능시간 부족,체육활동 정보 부족,체육활동에 대한 관심 부족,,,,,,체육활동 가능시간 증가,체육활동 지출비용 여유,체육활동 정보 접근성 확대,,보디빌딩(헬스),,테니스,,대학교(4년제 이상),졸업,기혼,4명,,2명,600,7,있음,전문가 및 관련 종사자,,,9179.64
65,서울,11200660601,1. 동부,아파트,여자,1980,2,42,③ 보통이다,충분한 휴식 및 수면,,② 별로 체력이 좋지 않은 편이다,규칙적인 체육활동,,③ 보통이다,③ 보통이다,③ 보통이다,④ 잘 수행하고 있다,,,없음,,알고 있다,민간체육시설,[민간체육시설] 체력단련장,,,,,,,,,,,,,,,,시설이용료가 무료 또는 저렴해서,,,,공공체육시설,기타체육시설,민간체육시설,구매한 적 있다,스포츠의류,,,,,,5.6,,,,,없다,,,,,금전적인 여유가 없어서,,아니오,,"체력관리 방법에 대한 정보가 없거나, 지식이 없어서 못하고 있다",,"인터넷 (포털사이트, 유튜브, SNS 등)","체육시설/단체의 홍보 (책자, 이메일, 문자 등)","가족과 지인 (친구, 동료 등)",,가입하지 않았다,,,,,,관심있는 체육 동호회가 없어서,,아니오,,,,,,보디빌딩(헬스),,,,,,,,,,,,,,,,,,,,일주일에 3번,보디빌딩(헬스),일주일에 3번,평일/휴일,오전(8~12시),1,30,2,저강도,민간체육시설,도보,,0,10,,,,,,,,,,,,,,,,,,,,,,,,,,,체중조절 및 체형관리,건강유지 및 체력증진,스트레스 해소,,스스로,친구,가족/친지,,혼자,,③ 보통이다,체력수준을 고려한 운동 실시,,없다,,,③ 변화 없음,50000,③ 보통이다,③ 보통이다,④ 효과가 있다,④ 효과가 있다,④ 증가,체육활동 가능시간,건강 상태,체육활동 정보,,소득수준 증가,체육활동 지출비용 여유,체육활동 정보 접근성 확대,,"요가, 필라테스, 태보",,테니스,,,,,,,,,,,,,,,,,,,대학교(4년제 이상),졸업,기혼,3명,,1명,550,6,없음,,전업주부,,9143.44
66,서울,11200660601,1. 동부,아파트,여자,1987,6,35,③ 보통이다,충분한 휴식 및 수면,,③ 보통이다,규칙적인 식사 및 영양보충,,③ 보통이다,③ 보통이다,③ 보통이다,③ 보통이다,,,없음,,알고 있다,민간체육시설,[민간체육시설] 체력단련장,,,,,,,,,,,,,,,,거리상 가까워서,,,,직장체육시설,공공체육시설,민간체육시설,구매한 적 있다,스포츠의류,,,,,,6,,,,,없다,,,,,시간적인 여유가 없어서,,아니오,,"체력관리 방법을 알고 있으나, 비용이 많이 들어 못하고 있다",,"대중매체 (신문, TV, 라디오 등)","직장 (단체중심의 프로그램, 교육)","체육시설/단체의 홍보 (책자, 이메일, 문자 등)",,가입하지 않았다,,,,,,관심있는 체육 동호회가 없어서,,아니오,,,,,,"요가, 필라테스, 태보",,,,,,,,,,,,,,,,,,,,일주일에 2번,"요가, 필라테스, 태보",일주일에 2번,평일,저녁(18시~22시),0,50,3,저강도,민간체육시설,도보,,0,15,,,,,,,,,,,,,,,,,,,,,,,,,,,체중조절 및 체형관리,스트레스 해소,개인의 즐거움,,스스로,친구,가족/친지,,혼자,,③ 보통이다,체력수준을 고려한 운동 실시,,없다,,,③ 변화 없음,120000,③ 보통이다,③ 보통이다,④ 효과가 있다,③ 보통이다,③ 변화 없음,,,,,소득수준 증가,체육활동 가능시간 증가,체육활동 정보 접근성 확대,,테니스,,"골프(그라운드, 파크 포함)",,,,,,,,,,,,,,,,,,,대학교(4년제 이상),졸업,미혼,3명,,없음,620,7,있음,서비스 종사자,,,9092.19
67,서울,11200660601,1. 동부,아파트,남자,1974,3,48,③ 보통이다,규칙적인 식사 및 영양보충,,② 별로 체력이 좋지 않은 편이다,규칙적인 체육활동,,② 별로 수행하고 있지 않다,③ 보통이다,③ 보통이다,④ 잘 수행하고 있다,,,없음,,알고 있다,기타,,,,,,,,,,,,,,,,,,,시간적 여유가 없어서,,기타체육시설,공공체육시설,민간체육시설,구매한 적 없다,,,,,,,,,,,,없다,,,,,시간적인 여유가 없어서,,아니오,,"체력관리 방법을 알고 있으나, 비용이 많이 들어 못하고 있다",,"체육시설/단체의 홍보 (책자, 이메일, 문자 등)","대중매체 (신문, TV, 라디오 등)","가족과 지인 (친구, 동료 등)",,가입하지 않았다,,,,,,관심있는 체육 동호회가 없어서,,아니오,,,,,,스킨스쿠버,,,,,,,,,,,,,,,,,,,,전혀 하지 않는다,,,,,,,,,,,,,,,,,,,,,,,,,,,,,,,,,,,,,,,,,,,,,,,,,,,,,,,,,,,,,,,,,,,,,,,,,,,있다,체육활동 가능시간 부족,체육활동 지출비용 부담,체육시설 접근성 낮음,,,,,,체육활동 가능시간 증가,체육활동 지출비용 여유,체육활동 정보 접근성 확대,,수영,,스킨스쿠버,,대학교(4년제 이상),졸업,기혼,4명,,2명,650,7,있음,전문가 및 관련 종사자,,,9141.76
68,서울,11200660601,1. 동부,아파트,남자,1986,11,35,③ 보통이다,충분한 휴식 및 수면,,③ 보통이다,규칙적인 식사 및 영양보충,,③ 보통이다,③ 보통이다,③ 보통이다,③ 보통이다,,,없음,,알고 있다,민간체육시설,[민간체육시설] 골프연습장,,,,,,,,,,,,,,,,전문적인 체육시설을 갖추고 있어서,,,,직장체육시설,공공체육시설,민간체육시설,구매한 적 있다,,스포츠신발류,,,,,,10,,,,없다,,,,,금전적인 여유가 없어서,,아니오,,"체력관리 방법을 알고 있으나, 비용이 많이 들어 못하고 있다",,"인터넷 (포털사이트, 유튜브, SNS 등)","체육시설/단체의 홍보 (책자, 이메일, 문자 등)","대중매체 (신문, TV, 라디오 등)",,가입하지 않았다,,,,,,금전적인 여유가 없어서,,아니오,,,,,,보디빌딩(헬스),,,,,,,,,,,,,,,,,,,,일주일에 3번,보디빌딩(헬스),일주일에 3번,평일/휴일,저녁(18시~22시),1,30,3,중강도,민간체육시설,도보,,0,15,,,,,,,,,,,,,,,,,,,,,,,,,,,건강유지 및 체력증진,체중조절 및 체형관리,스트레스 해소,,스스로,친구,대중매체,,혼자,,③ 보통이다,안전사고 예방수칙 실천,,없다,,,② 감소,70000,③ 보통이다,③ 보통이다,③ 보통이다,③ 보통이다,④ 증가,체육활동 가능시간,체육활동 지출비용 여유,체육활동 정보,,체육활동 가능시간 증가,체육활동 지출비용 여유,체육활동 정보 접근성 확대,,테니스,,"골프(그라운드, 파크 포함)",,,,,,,,,,,,,,,,,,,대학교(4년제 이상),졸업,기혼,2명,,없음,570,6,있음,사무 종사자,,,9108.36
69,서울,11200660601,1. 동부,아파트,남자,1999,3,23,③ 보통이다,충분한 휴식 및 수면,,③ 보통이다,충분한 휴식 및 수면,,③ 보통이다,③ 보통이다,③ 보통이다,③ 보통이다,,,없음,,알고 있다,민간체육시설,[민간체육시설] 체력단련장,,,,,,,,,,,,,,,,거리상 가까워서,,,,학교체육시설,공공체육시설,민간체육시설,구매한 적 있다,스포츠의류,스포츠신발류,,,,,9,10,,,,없다,,,,,금전적인 여유가 없어서,,아니오,,"체력관리 방법을 알고 있으나, 비용이 많이 들어 못하고 있다",,"체육시설/단체의 홍보 (책자, 이메일, 문자 등)","인터넷 (포털사이트, 유튜브, SNS 등)","대중매체 (신문, TV, 라디오 등)",,가입하여 현재 운동하고 있다,보디빌딩(헬스),,,지속적 체육활동 참여의 유인책이 되기 때문에,,,,아니오,,,,,,보디빌딩(헬스),,,,,,,,,,,,,,,,,,,,일주일에 3번,보디빌딩(헬스),일주일에 3번,평일/휴일,저녁(18시~22시),2,0,4,중강도,민간체육시설,도보,,0,15,,,,,,,,,,,,,,,,,,,,,,,,,,,건강유지 및 체력증진,체중조절 및 체형관리,개인의 즐거움,,스스로,친구,학교(교사),,친구(연인 포함),,③ 보통이다,체력수준을 고려한 운동 실시,,없다,,,② 감소,50000,③ 보통이다,③ 보통이다,④ 효과가 있다,③ 보통이다,④ 증가,체육활동 가능시간,건강 상태,체육시설 접근성,,체육활동 가능시간 증가,체육활동 지출비용 여유,체육활동 정보 접근성 확대,,수영,,테니스,,,,,,,,,,,,,,,,,,,대학교(4년제 이상),재학,미혼,4명,,없음,540,6,없음,,학생,,8866.34
70,서울,11200660601,1. 동부,아파트,여자,1962,6,60,③ 보통이다,충분한 휴식 및 수면,,② 별로 체력이 좋지 않은 편이다,규칙적인 식사 및 영양보충,,③ 보통이다,② 별로 수행하고 있지 않다,③ 보통이다,④ 잘 수행하고 있다,,,없음,,알고 있다,공공체육시설,[공공체육시설] 간이운동장(야외운동기구),,,,,,,,,,,,,,,,거리상 가까워서,,,,기타체육시설,공공체육시설,민간체육시설,구매한 적 없다,,,,,,,,,,,,없다,,,,,관심있는 생활체육 프로그램 강습이 없어서,,아니오,,"체력관리 방법에 대한 정보가 없거나, 지식이 없어서 못하고 있다",,"체육시설/단체의 홍보 (책자, 이메일, 문자 등)","가족과 지인 (친구, 동료 등)","인터넷 (포털사이트, 유튜브, SNS 등)",,가입하지 않았다,,,,,,시간적인 여유가 없어서,,아니오,,,,,,"걷기(조깅, 속보)",,,,,,,,,,,,,,,,,,,,한 달에 3번 이하,"걷기(조깅, 속보)",한 달에 3번 이하,휴일,점심(12~14시),1,0,1,저강도,공공체육시설,도보,,0,30,,,,,,,,,,,,,,,,,,,,,,,,,,,여가 선용,건강유지 및 체력증진,체중조절 및 체형관리,,친구,가족/친지,스스로,,친구(연인 포함),,③ 보통이다,체력수준을 고려한 운동 실시,,없다,,,② 감소,0,③ 보통이다,③ 보통이다,③ 보통이다,③ 보통이다,④ 증가,건강 상태,체육활동 지출비용 여유,체육활동 프로그램,,소득수준 증가,체육활동 지출비용 여유,체육활동 프로그램 확대,,"아쿠아로빅, 수중발레",,"요가, 필라테스, 태보",,,,,,,,,,,,,,,,,,,고등학교,졸업,기혼,3명,,1명,520,6,있음,단순노무 종사자,,,8865.87
71,서울,11200660191,1. 동부,아파트,여자,1994,3,28,③ 보통이다,충분한 휴식 및 수면,,③ 보통이다,규칙적인 체육활동,,③ 보통이다,③ 보통이다,② 별로 수행하고 있지 않다,④ 잘 수행하고 있다,,,없음,,알고 있다,민간체육시설,[민간체육시설] 테니스장,,,,,,,,,,,,,,,,전문적인 체육시설을 갖추고 있어서,,,,민간체육시설,공공체육시설,직장체육시설,구매한 적 있다,스포츠의류,스포츠신발류,,,,,12,10,,,,있다,테니스,,,2,,,예,민간시설에서 운영하는 체력관리 프로그램을 이용하고 있다,,,"체육시설/단체의 홍보 (책자, 이메일, 문자 등)","직장 (단체중심의 프로그램, 교육)","대중매체 (신문, TV, 라디오 등)",,가입하지 않았다,,,,,,관심있는 체육 동호회가 없어서,,아니오,,,,,,테니스,,,,,,,,,,,,,,,,,,,,일주일에 2번,테니스,일주일에 2번,평일,저녁(18시~22시),1,0,2,저강도,민간체육시설,도보,,0,10,,,,,,,,,,,,,,,,,,,,,,,,,,,건강유지 및 체력증진,체중조절 및 체형관리,개인의 즐거움,,친구,대중매체,스스로,,혼자,,③ 보통이다,체력수준을 고려한 운동 실시,,없다,,,③ 변화 없음,180000,③ 보통이다,③ 보통이다,④ 효과가 있다,③ 보통이다,④ 증가,체육활동 가능시간,건강 상태,체육활동에 대한 관심,,건강 상태 개선,체육활동 지출비용 여유,소득수준 증가,,"요가, 필라테스, 태보",,승마,,,,,,,,,,,,,,,,,,,대학교(4년제 이상),졸업,미혼,3명,,없음,620,7,있음,서비스 종사자,,,9334.31
72,서울,11200660191,1. 동부,아파트,여자,1986,10,35,③ 보통이다,충분한 휴식 및 수면,,③ 보통이다,규칙적인 체육활동,,③ 보통이다,② 별로 수행하고 있지 않다,② 별로 수행하고 있지 않다,④ 잘 수행하고 있다,,,없음,,알고 있다,공공체육시설,[공공체육시설] 간이운동장(야외운동기구),,,,,,,,,,,,,,,,시설이용료가 무료 또는 저렴해서,,,,기타체육시설,공공체육시설,민간체육시설,구매한 적 없다,,,,,,,,,,,,없다,,,,,금전적인 여유가 없어서,,아니오,,"체력관리 방법을 알고 있으나, 비용이 많이 들어 못하고 있다",,"체육시설/단체의 홍보 (책자, 이메일, 문자 등)","인터넷 (포털사이트, 유튜브, SNS 등)","가족과 지인 (친구, 동료 등)",,가입하지 않았다,,,,,,시간적인 여유가 없어서,,아니오,,,,,,"걷기(조깅, 속보)","요가, 필라테스, 태보",,,,,,,,,,,,,,,,,,,일주일에 2번,"걷기(조깅, 속보)",일주일에 2번,평일,오전(8~12시),1,30,1,중강도,공공체육시설,도보,,0,15,"요가, 필라테스, 태보",일주일에 1번,평일,오전(8~12시),0,50,1,저강도,3,자가용 승용/승합차,,0,20,,,,,,,,,,,,,,건강유지 및 체력증진,체중조절 및 체형관리,스트레스 해소,,친구,가족/친지,스스로,,친구(연인 포함),,③ 보통이다,체력수준을 고려한 운동 실시,,없다,,,③ 변화 없음,50000,③ 보통이다,③ 보통이다,④ 효과가 있다,③ 보통이다,④ 증가,체육활동 가능시간,건강 상태,체육활동 정보,,건강 상태 개선,소득수준 증가,체육활동 지출비용 여유,,보디빌딩(헬스),,수영,,,,,,,,,,,,,,,,,,,대학교(4년제 이상),졸업,기혼,3명,,1명,400,5,없음,,전업주부,,9092.19
73,서울,11200660191,1. 동부,아파트,여자,1969,2,53,④ 건강한 편이다,규칙적인 식사 및 영양보충,,③ 보통이다,규칙적인 체육활동,,③ 보통이다,② 별로 수행하고 있지 않다,② 별로 수행하고 있지 않다,③ 보통이다,,,없음,,알고 있다,기타체육시설,[기타체육시설] 복지시설,,,,,,,,,,,,,,,,시설이용료가 무료 또는 저렴해서,,,,기타체육시설,공공체육시설,민간체육시설,구매한 적 있다,스포츠의류,스포츠신발류,,,,,5,8.9,,,,있다,배드민턴,에어로빅,,6,,,예,국가나 지방자치단체 등이 운영하는 체력관리 프로그램을 이용하고 있다,,,"체육시설/단체의 홍보 (책자, 이메일, 문자 등)","가족과 지인 (친구, 동료 등)","인터넷 (포털사이트, 유튜브, SNS 등)",,가입하지 않았다,,,,,,시간적인 여유가 없어서,,아니오,,,,,,배드민턴,에어로빅,,,,,,,,,,,,,,,,,,,일주일에 2번,배드민턴,일주일에 2번,평일,오전(8~12시),1,0,6,중강도,기타체육시설,자가용 승용/승합차,,0,20,에어로빅,일주일에 2번,평일,오전(8~12시),0,50,2,중강도,3,자가용 승용/승합차,,0,20,,,,,,,,,,,,,,건강유지 및 체력증진,체중조절 및 체형관리,개인의 즐거움,,친구,가족/친지,대중매체,,혼자,,④ 대체로 그렇다,"체육기구, 장비 등의 주기적 점검",,없다,,,② 감소,60000,③ 보통이다,④ 효과가 있다,④ 효과가 있다,③ 보통이다,④ 증가,건강 상태,체육활동 정보,체육활동 프로그램,,체육활동 지출비용 여유,건강 상태 개선,체육활동 프로그램 확대,,등산,,보디빌딩(헬스),,,,,,,,,,,,,,,,,,,대학교(4년제 이상),졸업,기혼,4명,,2명,500,6,없음,,전업주부,,9472.71
74,서울,11200660191,1. 동부,아파트,여자,2004,2,18,③ 보통이다,규칙적인 식사 및 영양보충,,③ 보통이다,규칙적인 식사 및 영양보충,,③ 보통이다,③ 보통이다,③ 보통이다,④ 잘 수행하고 있다,,,없음,,알고 있다,민간체육시설,[민간체육시설] 체력단련장,,,,,,,,,,,,,,,,거리상 가까워서,,,,직장체육시설,공공체육시설,민간체육시설,구매한 적 없다,,,,,,,,,,,,없다,,,,,시간적인 여유가 없어서,,아니오,,"체력관리 방법을 알고 있으나, 비용이 많이 들어 못하고 있다",,"인터넷 (포털사이트, 유튜브, SNS 등)","체육시설/단체의 홍보 (책자, 이메일, 문자 등)","직장 (단체중심의 프로그램, 교육)",,가입하지 않았다,,,,,,관심있는 체육 동호회가 없어서,,아니오,,,,,,"요가, 필라테스, 태보",,,,,,,,,,,,,,,,,,,,일주일에 2번,"요가, 필라테스, 태보",일주일에 2번,평일,저녁(18시~22시),0,50,2,저강도,민간체육시설,버스(대중교통),,0,20,,,,,,,,,,,,,,,,,,,,,,,,,,,체중조절 및 체형관리,스트레스 해소,개인의 즐거움,,대중매체,스스로,친구,,직장동료,,③ 보통이다,안전사고 예방수칙 실천,,없다,,,② 감소,120000,③ 보통이다,③ 보통이다,③ 보통이다,③ 보통이다,③ 변화 없음,,,,,소득수준 증가,체육활동 가능시간 증가,체육활동 지출비용 여유,,없음,,배드민턴,,,,,,,,,,,,,,,,,,,고등학교,졸업,미혼,4명,,없음,600,7,있음,사무 종사자,,,6457.81
75,서울,11200660191,1. 동부,아파트,남자,1970,3,52,④ 건강한 편이다,금주 및 금연,,② 별로 체력이 좋지 않은 편이다,규칙적인 체육활동,,③ 보통이다,③ 보통이다,③ 보통이다,② 별로 수행하고 있지 않다,,,없음,,알고 있다,공공체육시설,[공공체육시설] 간이운동장(야외운동기구),,,,,,,,,,,,,,,,거리상 가까워서,,,,민간체육시설,공공체육시설,직장체육시설,구매한 적 없다,,,,,,,,,,,,없다,,,,,관심있는 생활체육 프로그램 강습이 없어서,,아니오,,마땅한 상담과 관리를 받을 만한 시설이나 프로그램이 없어서 못하고 있다,,"체육시설/단체의 홍보 (책자, 이메일, 문자 등)","가족과 지인 (친구, 동료 등)","직장 (단체중심의 프로그램, 교육)",,가입하지 않았다,,,,,,관심있는 체육 동호회가 없어서,,예,보디빌딩(헬스),"골프(그라운드, 파크 포함)",,지속적으로 건강 및 체력을 향상시킬 수 있기 때문에,,"걷기(조깅, 속보)",,,,,,,,,,,,,,,,,,,,일주일에 2번,"걷기(조깅, 속보)",일주일에 2번,휴일,오전(8~12시),1,30,1,중강도,공공체육시설,도보,,0,20,,,,,,,,,,,,,,,,,,,,,,,,,,,건강유지 및 체력증진,체중조절 및 체형관리,스트레스 해소,,대중매체,가족/친지,친구,,혼자,,③ 보통이다,체력수준을 고려한 운동 실시,,없다,,,③ 변화 없음,0,③ 보통이다,④ 효과가 있다,③ 보통이다,③ 보통이다,④ 증가,건강 상태,체육활동 가능시간,체육활동 정보,,체육활동 가능시간 증가,건강 상태 개선,소득수준 증가,,등산,,"골프(그라운드, 파크 포함)",,,,,,,,,,,,,,,,,,,대학교(4년제 이상),졸업,기혼,3명,,1명,600,7,있음,서비스 종사자,,,9179.64
76,서울,11200660191,1. 동부,아파트,남자,1990,3,32,③ 보통이다,규칙적인 식사 및 영양보충,,③ 보통이다,규칙적인 체육활동,,③ 보통이다,② 별로 수행하고 있지 않다,③ 보통이다,④ 잘 수행하고 있다,,,없음,,알고 있다,민간체육시설,[민간체육시설] 볼링장,[민간체육시설] 스크린골프장,,,,,,,,,,,,,,,거리상 가까워서,,,,민간체육시설,공공체육시설,직장체육시설,구매한 적 있다,스포츠의류,스포츠신발류,,라켓류(배트 포함),,,9,10,,6.5,,있다,테니스,보디빌딩(헬스),,8,,,예,민간시설에서 운영하는 체력관리 프로그램을 이용하고 있다,,,"체육시설/단체의 홍보 (책자, 이메일, 문자 등)","인터넷 (포털사이트, 유튜브, SNS 등)","가족과 지인 (친구, 동료 등)",,가입하지 않았다,,,,,,여러 사람들과 어울려 활동하는 것을 좋아하지 않아서,,아니오,,,,,,테니스,보디빌딩(헬스),,,,,,,,,,,,,,,,,,,일주일에 4번,보디빌딩(헬스),일주일에 4번,평일,저녁(18시~22시),1,30,5,중강도,민간체육시설,도보,,0,10,테니스,일주일에 2번,평일/휴일,저녁(18시~22시),1,0,3,중강도,2,도보,,0,15,,,,,,,,,,,,,,건강유지 및 체력증진,체중조절 및 체형관리,스트레스 해소,,대중매체,가족/친지,친구,,혼자,,③ 보통이다,체력수준을 고려한 운동 실시,,없다,,,② 감소,180000,④ 효과가 있다,④ 효과가 있다,④ 효과가 있다,④ 효과가 있다,④ 증가,체육활동 가능시간,건강 상태,체육활동 지출비용 여유,,체육활동 가능시간 증가,체육활동 지출비용 여유,체육시설 접근성 확대,,암벽등반,,"골프(그라운드, 파크 포함)",,,,,,,,,,,,,,,,,,,대학교(4년제 이상),졸업,미혼,1명,,없음,350,4,있음,사무 종사자,,,9108.36
77,서울,11200660191,1. 동부,아파트,여자,1958,11,63,② 별로 건강하지 않은 편이다,충분한 휴식 및 수면,,② 별로 체력이 좋지 않은 편이다,규칙적인 식사 및 영양보충,,② 별로 수행하고 있지 않다,③ 보통이다,③ 보통이다,④ 잘 수행하고 있다,,,없음,,알고 있다,공공체육시설,[공공체육시설] 간이운동장(야외운동기구),,,,,,,,,,,,,,,,시설이용료가 무료 또는 저렴해서,,,,기타체육시설,공공체육시설,민간체육시설,구매한 적 없다,,,,,,,,,,,,없다,,,,,시간적인 여유가 없어서,,아니오,,"체력관리 방법에 대한 정보가 없거나, 지식이 없어서 못하고 있다",,"체육시설/단체의 홍보 (책자, 이메일, 문자 등)","가족과 지인 (친구, 동료 등)","대중매체 (신문, TV, 라디오 등)",,가입하지 않았다,,,,,,건강이 좋지 않아서,,아니오,,,,,,"걷기(조깅, 속보)",,,,,,,,,,,,,,,,,,,,한 달에 3번 이하,"걷기(조깅, 속보)",한 달에 3번 이하,휴일,오후(14~18시),1,0,1,저강도,공공체육시설,도보,,0,20,,,,,,,,,,,,,,,,,,,,,,,,,,,건강유지 및 체력증진,여가 선용,대인관계 및 사교,,친구,가족/친지,스스로,,친구(연인 포함),,③ 보통이다,체력수준을 고려한 운동 실시,,없다,,,② 감소,0,③ 보통이다,④ 효과가 있다,④ 효과가 있다,③ 보통이다,④ 증가,체육활동 가능시간,건강 상태,체육활동에 대한 관심,,소득수준 증가,건강 상태 개선,체육활동 가능시간 증가,,수영,,게이트볼,,,,,,,,,,,,,,,,,,,고등학교,졸업,기혼,2명,,3명,300,4,있음,단순노무 종사자,,,8865.87
78,서울,11200660191,1. 동부,아파트,남자,1950,3,72,② 별로 건강하지 않은 편이다,충분한 휴식 및 수면,,② 별로 체력이 좋지 않은 편이다,충분한 휴식 및 수면,,③ 보통이다,② 별로 수행하고 있지 않다,③ 보통이다,③ 보통이다,,,없음,,알고 있다,민간체육시설,[민간체육시설] 체력단련장,,,,,,,,,,,,,,,,거리상 가까워서,,,,민간체육시설,직장체육시설,공공체육시설,구매한 적 있다,스포츠의류,,,,,,5.8,,,,,없다,,,,,시간적인 여유가 없어서,,아니오,,"체력관리 방법을 알고 있으나, 비용이 많이 들어 못하고 있다",,"인터넷 (포털사이트, 유튜브, SNS 등)","체육시설/단체의 홍보 (책자, 이메일, 문자 등)","직장 (단체중심의 프로그램, 교육)",,가입하지 않았다,,,,,,관심있는 체육 동호회가 없어서,,아니오,,,,,,"걷기(조깅, 속보)",,,,,,,,,,,,,,,,,,,,일주일에 2번,"걷기(조깅, 속보)",일주일에 2번,휴일,저녁(18시~22시),0,50,2,저강도,민간체육시설,도보,,0,20,,,,,,,,,,,,,,,,,,,,,,,,,,,건강유지 및 체력증진,스트레스 해소,자아실현 및 자기만족,,대중매체,친구,가족/친지,,가족 및 친인척,,③ 보통이다,안전사고 예방수칙 실천,,없다,,,③ 변화 없음,0,④ 효과가 있다,③ 보통이다,④ 효과가 있다,③ 보통이다,④ 증가,건강 상태,체육활동 가능시간,체육활동에 대한 관심,,건강 상태 개선,체육활동 프로그램 확대,체육시설 접근성 확대,,수영,,"골프(그라운드, 파크 포함)",,,,,,,,,,,,,,,,,,,고등학교,졸업,기혼,2명,,2명,390,4,있음,기능원 및 관련 기능 종사자,,,7112.49
79,서울,11200660191,1. 동부,아파트,남자,1982,10,39,④ 건강한 편이다,충분한 휴식 및 수면,,③ 보통이다,금주 및 금연,,③ 보통이다,③ 보통이다,③ 보통이다,② 별로 수행하고 있지 않다,,,없음,,알고 있다,민간체육시설,[민간체육시설] 골프연습장,,,,,,,,,,,,,,,,전문적인 체육시설을 갖추고 있어서,,,,민간체육시설,직장체육시설,공공체육시설,구매한 적 있다,스포츠의류,스포츠신발류,,,기타,골프채,18,12,,,50,있다,"골프(그라운드, 파크 포함)",,,3,,,아니오,,"체력관리 방법에 대한 정보가 없거나, 지식이 없어서 못하고 있다",,"인터넷 (포털사이트, 유튜브, SNS 등)","체육시설/단체의 홍보 (책자, 이메일, 문자 등)","직장 (단체중심의 프로그램, 교육)",,가입하지 않았다,,,,,,관심있는 체육 동호회가 없어서,,아니오,,,,,,"골프(그라운드, 파크 포함)","걷기(조깅, 속보)",,,,,,,,,,,,,,,,,,,일주일에 3번,"골프(그라운드, 파크 포함)",일주일에 3번,평일/휴일,저녁(18시~22시),1,0,3,중강도,민간체육시설,도보,,0,15,"걷기(조깅, 속보)",일주일에 2번,휴일,오전(8~12시),1,30,2,저강도,1,도보,,0,20,,,,,,,,,,,,,,여가 선용,건강유지 및 체력증진,개인의 즐거움,,대중매체,직장/지역사회,친구,,직장동료,,③ 보통이다,안전사고 예방수칙 실천,,없다,,,② 감소,200000,③ 보통이다,④ 효과가 있다,④ 효과가 있다,③ 보통이다,④ 증가,체육활동 가능시간,체육시설 접근성,건강 상태,,건강 상태 개선,소득수준 증가,체육활동 지출비용 여유,,암벽등반,,테니스,,,,,,,,,,,,,,,,,,,대학교(4년제 이상),졸업,기혼,4명,,2명,520,6,있음,사무 종사자,,,9108.36
80,서울,11200660191,1. 동부,아파트,남자,1994,10,27,④ 건강한 편이다,충분한 휴식 및 수면,,④ 체력이 좋은 편이다,규칙적인 체육활동,,③ 보통이다,④ 잘 수행하고 있다,④ 잘 수행하고 있다,④ 잘 수행하고 있다,,,없음,,알고 있다,민간체육시설,[민간체육시설] 체력단련장,,,,,,,,,,,,,,,,전문적인 체육시설을 갖추고 있어서,,,,민간체육시설,공공체육시설,직장체육시설,구매한 적 있다,스포츠의류,스포츠신발류,,,,,18,10,,,,있다,보디빌딩(헬스),,,3,,,아니오,,마땅한 상담과 관리를 받을 만한 시설이나 프로그램이 없어서 못하고 있다,,"인터넷 (포털사이트, 유튜브, SNS 등)","체육시설/단체의 홍보 (책자, 이메일, 문자 등)","직장 (단체중심의 프로그램, 교육)",,가입하지 않았다,,,,,,관심있는 체육 동호회가 없어서,,아니오,,,,,,보디빌딩(헬스),,,,,,,,,,,,,,,,,,,,일주일에 4번,보디빌딩(헬스),일주일에 4번,평일/휴일,오후(14~18시),1,30,3,중강도,민간체육시설,자가용 승용/승합차,,0,30,,,,,,,,,,,,,,,,,,,,,,,,,,,건강유지 및 체력증진,스트레스 해소,개인의 즐거움,,스스로,친구,직장/지역사회,,혼자,,③ 보통이다,체력수준을 고려한 운동 실시,,없다,,,② 감소,120000,③ 보통이다,③ 보통이다,④ 효과가 있다,③ 보통이다,④ 증가,체육활동 가능시간,건강 상태,체육활동에 대한 관심,,소득수준 증가,체육활동 가능시간 증가,체육활동 정보 접근성 확대,,암벽등반,,테니스,,,,,,,,,,,,,,,,,,,대학교(4년제 이상),졸업,미혼,4명,,없음,750,8,있음,전문가 및 관련 종사자,,,8866.34
81,서울,11200630331,1. 동부,아파트,여자,1967,8,55,③ 보통이다,충분한 휴식 및 수면,,③ 보통이다,규칙적인 식사 및 영양보충,,③ 보통이다,③ 보통이다,③ 보통이다,④ 잘 수행하고 있다,,,없음,,알고 있다,공공체육시설,[공공체육시설] 간이운동장(야외운동기구),,,,,,,,,,,,,,,,시설이용료가 무료 또는 저렴해서,,,,기타체육시설,민간체육시설,공공체육시설,구매한 적 없다,,,,,,,,,,,,없다,,,,,생활체육 강좌나 강습을 받을 만한 시설이 없어서,,아니오,,"체력관리 방법을 알고 있으나, 비용이 많이 들어 못하고 있다",,"체육시설/단체의 홍보 (책자, 이메일, 문자 등)","인터넷 (포털사이트, 유튜브, SNS 등)","가족과 지인 (친구, 동료 등)",,가입하지 않았다,,,,,,금전적인 여유가 없어서,,아니오,,,,,,"걷기(조깅, 속보)",,,,,,,,,,,,,,,,,,,,일주일에 2번,"걷기(조깅, 속보)",일주일에 2번,휴일,점심(12~14시),1,0,3,저강도,공공체육시설,도보,,0,15,,,,,,,,,,,,,,,,,,,,,,,,,,,건강유지 및 체력증진,체중조절 및 체형관리,스트레스 해소,,친구,가족/친지,스스로,,혼자,,③ 보통이다,체력수준을 고려한 운동 실시,,없다,,,② 감소,5000,③ 보통이다,③ 보통이다,③ 보통이다,③ 보통이다,④ 증가,소득수준,체육활동 지출비용 여유,체육시설 접근성,,체육활동 가능시간 증가,체육활동 지출비용 여유,체육활동 정보 접근성 확대,,"아쿠아로빅, 수중발레",,수영,,,,,,,,,,,,,,,,,,,고등학교,졸업,기혼,4명,,2명,550,6,있음,서비스 종사자,,,9472.71
82,서울,11200630331,1. 동부,아파트,남자,1998,4,24,③ 보통이다,규칙적인 식사 및 영양보충,,④ 체력이 좋은 편이다,충분한 휴식 및 수면,,③ 보통이다,③ 보통이다,③ 보통이다,④ 잘 수행하고 있다,,,없음,,알고 있다,민간체육시설,[민간체육시설] 체력단련장,,,,,,,,,,,,,,,,전문적인 체육시설을 갖추고 있어서,,,,민간체육시설,공공체육시설,기타체육시설,구매한 적 있다,스포츠의류,스포츠신발류,,,,,12,9.5,,,,없다,,,,,시간적인 여유가 없어서,,아니오,,"체력관리 방법을 알고 있으나, 비용이 많이 들어 못하고 있다",,"체육시설/단체의 홍보 (책자, 이메일, 문자 등)","인터넷 (포털사이트, 유튜브, SNS 등)","대중매체 (신문, TV, 라디오 등)",,가입하지 않았다,,,,,,관심있는 체육 동호회가 없어서,,아니오,,,,,,보디빌딩(헬스),,,,,,,,,,,,,,,,,,,,일주일에 4번,보디빌딩(헬스),일주일에 4번,평일/휴일,오후(14~18시),2,0,5,중강도,민간체육시설,도보,,0,15,,,,,,,,,,,,,,,,,,,,,,,,,,,건강유지 및 체력증진,개인의 즐거움,스트레스 해소,,스스로,친구,학교(교사),,혼자,,③ 보통이다,체력수준을 고려한 운동 실시,,없다,,,② 감소,50000,③ 보통이다,③ 보통이다,④ 효과가 있다,③ 보통이다,③ 변화 없음,,,,,체육활동 가능시간 증가,체육활동 지출비용 여유,체육활동 정보 접근성 확대,,"자전거, 사이클, 산악자전거",,암벽등반,,,,,,,,,,,,,,,,,,,대학교(4년제 이상),재학,미혼,4명,,없음,520,6,없음,,학생,,8866.34
83,서울,11200630331,1. 동부,아파트,남자,1992,10,29,④ 건강한 편이다,충분한 휴식 및 수면,,③ 보통이다,규칙적인 식사 및 영양보충,,③ 보통이다,③ 보통이다,③ 보통이다,③ 보통이다,,,없음,,알고 있다,민간체육시설,[민간체육시설] 체력단련장,,,,,,,,,,,,,,,,전문적인 체육시설을 갖추고 있어서,,,,민간체육시설,공공체육시설,기타체육시설,구매한 적 있다,,스포츠신발류,,,,,,8.9,,,,없다,,,,,시간적인 여유가 없어서,,아니오,,"체력관리 방법을 알고 있으나, 비용이 많이 들어 못하고 있다",,"체육시설/단체의 홍보 (책자, 이메일, 문자 등)","인터넷 (포털사이트, 유튜브, SNS 등)","대중매체 (신문, TV, 라디오 등)",,가입하지 않았다,,,,,,시간적인 여유가 없어서,,아니오,,,,,,보디빌딩(헬스),,,,,,,,,,,,,,,,,,,,일주일에 4번,보디빌딩(헬스),일주일에 4번,평일/휴일,저녁(18시~22시),2,0,5,중강도,민간체육시설,도보,,0,15,,,,,,,,,,,,,,,,,,,,,,,,,,,건강유지 및 체력증진,체중조절 및 체형관리,시간 소비,,스스로,친구,가족/친지,,혼자,,③ 보통이다,체육활동 시 준비/정리운동 필수 실시,,없다,,,② 감소,70000,③ 보통이다,③ 보통이다,④ 효과가 있다,③ 보통이다,④ 증가,체육활동 가능시간,체육활동 지출비용 여유,체육활동 정보,,체육활동 가능시간 증가,체육활동 지출비용 여유,체육시설 접근성 확대,,수영,,볼링,,,,,,,,,,,,,,,,,,,대학교(4년제 이상),졸업,미혼,4명,,없음,680,7,있음,사무 종사자,,,8866.34
84,서울,11200630331,1. 동부,아파트,남자,1976,3,46,③ 보통이다,충분한 휴식 및 수면,,③ 보통이다,충분한 휴식 및 수면,,③ 보통이다,③ 보통이다,③ 보통이다,④ 잘 수행하고 있다,,,없음,,알고 있다,민간체육시설,[민간체육시설] 테니스장,,,,,,,,,,,,,,,,거리상 가까워서,,,,민간체육시설,공공체육시설,기타체육시설,구매한 적 있다,,,,라켓류(배트 포함),,,,,,15.6,,있다,보디빌딩(헬스),,,0,,,아니오,,"체력관리 방법을 알고 있으나, 비용이 많이 들어 못하고 있다",,"체육시설/단체의 홍보 (책자, 이메일, 문자 등)","인터넷 (포털사이트, 유튜브, SNS 등)","대중매체 (신문, TV, 라디오 등)",,가입하지 않았다,,,,,,관심있는 체육 동호회가 없어서,,아니오,,,,,,테니스,,,,,,,,,,,,,,,,,,,,일주일에 2번,테니스,일주일에 2번,평일,저녁(18시~22시),1,0,3,중강도,민간체육시설,도보,,0,15,,,,,,,,,,,,,,,,,,,,,,,,,,,건강유지 및 체력증진,체중조절 및 체형관리,스트레스 해소,,스스로,가족/친지,친구,,혼자,,③ 보통이다,체력수준을 고려한 운동 실시,,없다,,,④ 증가,160000,③ 보통이다,③ 보통이다,④ 효과가 있다,④ 효과가 있다,④ 증가,체육활동 가능시간,체육활동 지출비용 여유,체육시설 접근성,,체육활동 가능시간 증가,체육활동 지출비용 여유,체육활동 정보 접근성 확대,,보디빌딩(헬스),,"골프(그라운드, 파크 포함)",,,,,,,,,,,,,,,,,,,대학교(4년제 이상),졸업,기혼,3명,,1명,500,6,있음,사무 종사자,,,9141.76
85,서울,11200630331,1. 동부,아파트,남자,1969,11,52,④ 건강한 편이다,충분한 휴식 및 수면,,③ 보통이다,규칙적인 식사 및 영양보충,,② 별로 수행하고 있지 않다,③ 보통이다,③ 보통이다,③ 보통이다,,,없음,,알고 있다,기타,,,,,,,,,,,,,,,,,,,시간적 여유가 없어서,,기타체육시설,직장체육시설,공공체육시설,구매한 적 없다,,,,,,,,,,,,없다,,,,,시간적인 여유가 없어서,,아니오,,"체력관리 방법을 알고 있으나, 비용이 많이 들어 못하고 있다",,"체육시설/단체의 홍보 (책자, 이메일, 문자 등)","대중매체 (신문, TV, 라디오 등)","인터넷 (포털사이트, 유튜브, SNS 등)",,가입하지 않았다,,,,,,시간적인 여유가 없어서,,아니오,,,,,,없음,,,,,,,,,,,,,,,,,,,,전혀 하지 않는다,,,,,,,,,,,,,,,,,,,,,,,,,,,,,,,,,,,,,,,,,,,,,,,,,,,,,,,,,,,,,,,,,,,,,,,,,,,없다,,,,,체육활동 가능시간 부족,체육활동 지출비용 부담,체육프로그램 부족,,체육활동 가능시간 증가,체육활동 지출비용 여유,체육활동 정보 접근성 확대,,보디빌딩(헬스),,"골프(그라운드, 파크 포함)",,대학교(4년제 이상),졸업,기혼,4명,,2명,480,5,있음,전문가 및 관련 종사자,,,9179.64
86,서울,11200630331,1. 동부,아파트,남자,1951,2,71,③ 보통이다,충분한 휴식 및 수면,,③ 보통이다,규칙적인 체육활동,,③ 보통이다,③ 보통이다,③ 보통이다,④ 잘 수행하고 있다,,,없음,,알고 있다,공공체육시설,[공공체육시설] 간이운동장(야외운동기구),,,,,,,,,,,,,,,,시설이용료가 무료 또는 저렴해서,,,,공공체육시설,기타체육시설,민간체육시설,구매한 적 없다,,,,,,,,,,,,없다,,,,,금전적인 여유가 없어서,,아니오,,"체력관리 방법을 알고 있으나, 비용이 많이 들어 못하고 있다",,"인터넷 (포털사이트, 유튜브, SNS 등)","체육시설/단체의 홍보 (책자, 이메일, 문자 등)","대중매체 (신문, TV, 라디오 등)",,가입하지 않았다,,,,,,금전적인 여유가 없어서,,아니오,,,,,,"걷기(조깅, 속보)",,,,,,,,,,,,,,,,,,,,일주일에 3번,"걷기(조깅, 속보)",일주일에 3번,평일/휴일,오후(14~18시),1,30,3,중강도,공공체육시설,도보,,0,15,,,,,,,,,,,,,,,,,,,,,,,,,,,건강유지 및 체력증진,체중조절 및 체형관리,스트레스 해소,,스스로,친구,가족/친지,,혼자,,③ 보통이다,안전사고 예방수칙 실천,,없다,,,③ 변화 없음,10000,③ 보통이다,③ 보통이다,③ 보통이다,③ 보통이다,④ 증가,체육활동 가능시간,체육활동 지출비용 여유,체육활동 정보,,체육활동 가능시간 증가,체육활동 지출비용 여유,체육활동 정보 접근성 확대,,"자전거, 사이클, 산악자전거",,낚시,,,,,,,,,,,,,,,,,,,고등학교,졸업,기혼,2명,,3명,350,4,있음,단순노무 종사자,,,7112.49
87,서울,11200630331,1. 동부,아파트,여자,1960,5,62,③ 보통이다,충분한 휴식 및 수면,,③ 보통이다,규칙적인 식사 및 영양보충,,④ 잘 수행하고 있다,③ 보통이다,③ 보통이다,③ 보통이다,,,없음,,알고 있다,민간체육시설,[민간체육시설] 체력단련장,,,,,,,,,,,,,,,,거리상 가까워서,,,,기타체육시설,민간체육시설,공공체육시설,구매한 적 없다,,,,,,,,,,,,없다,,,,,관심있는 생활체육 프로그램 강습이 없어서,,아니오,,"체력관리 방법을 알고 있으나, 비용이 많이 들어 못하고 있다",,"체육시설/단체의 홍보 (책자, 이메일, 문자 등)","가족과 지인 (친구, 동료 등)","대중매체 (신문, TV, 라디오 등)",,가입하지 않았다,,,,,,금전적인 여유가 없어서,,아니오,,,,,,에어로빅,,,,,,,,,,,,,,,,,,,,일주일에 2번,에어로빅,일주일에 2번,평일,오후(14~18시),1,0,3,중강도,민간체육시설,도보,,0,20,,,,,,,,,,,,,,,,,,,,,,,,,,,건강유지 및 체력증진,체중조절 및 체형관리,스트레스 해소,,스스로,친구,가족/친지,,친구(연인 포함),,③ 보통이다,체력수준을 고려한 운동 실시,,없다,,,② 감소,45000,③ 보통이다,③ 보통이다,④ 효과가 있다,③ 보통이다,④ 증가,체육활동 가능시간,건강 상태,체육활동 지출비용 여유,,체육활동 가능시간 증가,체육활동 지출비용 여유,체육활동 정보 접근성 확대,,수영,,"아쿠아로빅, 수중발레",,,,,,,,,,,,,,,,,,,고등학교,졸업,기혼,4명,,1명,650,7,없음,,전업주부,,8865.87
88,서울,11200630331,1. 동부,아파트,여자,1992,3,30,③ 보통이다,충분한 휴식 및 수면,,③ 보통이다,규칙적인 식사 및 영양보충,,③ 보통이다,③ 보통이다,③ 보통이다,④ 잘 수행하고 있다,,,없음,,알고 있다,민간체육시설,[민간체육시설] 체력단련장,,,,,,,,,,,,,,,,체육활동 프로그램이 다양해서,,,,민간체육시설,공공체육시설,직장체육시설,구매한 적 있다,스포츠의류,스포츠신발류,,,,,6,9,,,,없다,,,,,시간적인 여유가 없어서,,아니오,,"체력관리 방법을 알고 있으나, 비용이 많이 들어 못하고 있다",,"체육시설/단체의 홍보 (책자, 이메일, 문자 등)","대중매체 (신문, TV, 라디오 등)","인터넷 (포털사이트, 유튜브, SNS 등)",,가입하지 않았다,,,,,,시간적인 여유가 없어서,,아니오,,,,,,"요가, 필라테스, 태보",,,,,,,,,,,,,,,,,,,,일주일에 2번,"요가, 필라테스, 태보",일주일에 2번,평일,저녁(18시~22시),1,0,2,저강도,민간체육시설,도보,,0,15,,,,,,,,,,,,,,,,,,,,,,,,,,,건강유지 및 체력증진,체중조절 및 체형관리,스트레스 해소,,스스로,친구,직장/지역사회,,혼자,,③ 보통이다,체력수준을 고려한 운동 실시,,없다,,,③ 변화 없음,130000,③ 보통이다,③ 보통이다,④ 효과가 있다,③ 보통이다,④ 증가,체육활동 가능시간,소득수준,체육활동 정보,,체육활동 가능시간 증가,체육활동 지출비용 여유,체육활동 정보 접근성 확대,,보디빌딩(헬스),,스킨스쿠버,,,,,,,,,,,,,,,,,,,대학교(4년제 이상),졸업,미혼,3명,,없음,700,8,있음,사무 종사자,,,9092.19
89,서울,11200630331,1. 동부,아파트,여자,2005,11,16,③ 보통이다,충분한 휴식 및 수면,,② 별로 체력이 좋지 않은 편이다,규칙적인 식사 및 영양보충,,② 별로 수행하고 있지 않다,② 별로 수행하고 있지 않다,③ 보통이다,④ 잘 수행하고 있다,,,없음,,알고 있다,기타,,,,,,,,,,,,,,,,,,,시간적 여유가 없어서,,직장체육시설,기타체육시설,공공체육시설,구매한 적 없다,,,,,,,,,,,,없다,,,,,시간적인 여유가 없어서,,아니오,,"체력관리 방법을 알고 있으나, 비용이 많이 들어 못하고 있다",,"체육시설/단체의 홍보 (책자, 이메일, 문자 등)","대중매체 (신문, TV, 라디오 등)","인터넷 (포털사이트, 유튜브, SNS 등)",,가입하지 않았다,,,,,,시간적인 여유가 없어서,,아니오,,,,,,"걷기(조깅, 속보)",,,,,,,,,,,,,,,,,,,,전혀 하지 않는다,,,,,,,,,,,,,,,,,,,,,,,,,,,,,,,,,,,,,,,,,,,,,,,,,,,,,,,,,,,,,,,,,,,,,,,,,,,있다,체육활동 가능시간 부족,체육활동 지출비용 부담,체육시설 접근성 낮음,,,,,,체육활동 가능시간 증가,체육활동 지출비용 여유,체육활동 정보 접근성 확대,,"요가, 필라테스, 태보",,테니스,,고등학교,재학,미혼,4명,,없음,600,7,없음,,학생,,6457.81
90,서울,11200630331,1. 동부,아파트,여자,1982,6,40,③ 보통이다,충분한 휴식 및 수면,,② 별로 체력이 좋지 않은 편이다,규칙적인 식사 및 영양보충,,② 별로 수행하고 있지 않다,③ 보통이다,③ 보통이다,④ 잘 수행하고 있다,,,없음,,알고 있다,기타,,,,,,,,,,,,,,,,,,,시간적 여유가 없어서,,기타체육시설,공공체육시설,민간체육시설,구매한 적 있다,스포츠의류,,,,,,6,,,,,없다,,,,,시간적인 여유가 없어서,,아니오,,"체력관리 방법을 알고 있으나, 비용이 많이 들어 못하고 있다",,"체육시설/단체의 홍보 (책자, 이메일, 문자 등)","인터넷 (포털사이트, 유튜브, SNS 등)","대중매체 (신문, TV, 라디오 등)",,가입하지 않았다,,,,,,관심있는 체육 동호회가 없어서,,아니오,,,,,,줄넘기,,,,,,,,,,,,,,,,,,,,전혀 하지 않는다,,,,,,,,,,,,,,,,,,,,,,,,,,,,,,,,,,,,,,,,,,,,,,,,,,,,,,,,,,,,,,,,,,,,,,,,,,,있다,체육활동 가능시간 부족,체육활동에 대한 관심 부족,체육시설 접근성 낮음,,,,,,체육활동 가능시간 증가,체육시설 접근성 확대,체육활동 정보 접근성 확대,,"요가, 필라테스, 태보",,"수상스키, 웨이크보드, 윈드서핑",,대학교(4년제 이상),졸업,기혼,3명,,1명,600,7,있음,판매 종사자,,,9143.44
91,서울,11200550561,1. 동부,아파트,여자,1990,7,32,④ 건강한 편이다,규칙적인 식사 및 영양보충,,③ 보통이다,충분한 휴식 및 수면,,③ 보통이다,③ 보통이다,④ 잘 수행하고 있다,③ 보통이다,,,없음,,알고 있다,기타체육시설,[기타체육시설] 복지시설,,,,,,,,,,,,,,,,시설이용료가 무료 또는 저렴해서,,,,기타체육시설,공공체육시설,민간체육시설,구매한 적 있다,스포츠의류,,,,,,5,,,,,없다,,,,,시간적인 여유가 없어서,,아니오,,"체력관리 방법을 알고 있으나, 비용이 많이 들어 못하고 있다",,"체육시설/단체의 홍보 (책자, 이메일, 문자 등)","인터넷 (포털사이트, 유튜브, SNS 등)","대중매체 (신문, TV, 라디오 등)",,가입하지 않았다,,,,,,금전적인 여유가 없어서,,아니오,,,,,,"요가, 필라테스, 태보",,,,,,,,,,,,,,,,,,,,일주일에 2번,"요가, 필라테스, 태보",일주일에 2번,평일,저녁(18시~22시),1,0,4,중강도,기타체육시설,도보,,0,18,,,,,,,,,,,,,,,,,,,,,,,,,,,건강유지 및 체력증진,체중조절 및 체형관리,스트레스 해소,,대중매체,스스로,친구,,혼자,,③ 보통이다,체력수준을 고려한 운동 실시,,없다,,,② 감소,125000,④ 효과가 있다,④ 효과가 있다,③ 보통이다,③ 보통이다,④ 증가,체육활동 가능시간,체육활동 지출비용 여유,체육활동 정보,,체육활동 가능시간 증가,체육활동 지출비용 여유,체육시설 접근성 확대,,보디빌딩(헬스),,승마,,,,,,,,,,,,,,,,,,,대학교(4년제 이상),졸업,미혼,3명,,없음,690,7,있음,사무 종사자,,,9092.19
92,서울,11200550561,1. 동부,아파트,여자,1982,3,40,③ 보통이다,규칙적인 식사 및 영양보충,,② 별로 체력이 좋지 않은 편이다,규칙적인 식사 및 영양보충,,③ 보통이다,③ 보통이다,④ 잘 수행하고 있다,③ 보통이다,,,없음,,알고 있다,민간체육시설,[민간체육시설] 체력단련장,,,,,,,,,,,,,,,,시설이용료가 무료 또는 저렴해서,,,,공공체육시설,기타체육시설,민간체육시설,구매한 적 있다,스포츠의류,,,,,,6.5,,,,,없다,,,,,금전적인 여유가 없어서,,아니오,,"체력관리 방법을 알고 있으나, 비용이 많이 들어 못하고 있다",,"인터넷 (포털사이트, 유튜브, SNS 등)","체육시설/단체의 홍보 (책자, 이메일, 문자 등)","대중매체 (신문, TV, 라디오 등)",,가입하지 않았다,,,,,,금전적인 여유가 없어서,,아니오,,,,,,보디빌딩(헬스),,,,,,,,,,,,,,,,,,,,일주일에 3번,보디빌딩(헬스),일주일에 3번,평일/휴일,점심(12~14시),1,30,3,중강도,민간체육시설,도보,,0,15,,,,,,,,,,,,,,,,,,,,,,,,,,,건강유지 및 체력증진,체중조절 및 체형관리,스트레스 해소,,스스로,친구,대중매체,,혼자,,③ 보통이다,체력수준을 고려한 운동 실시,,없다,,,② 감소,55000,③ 보통이다,④ 효과가 있다,④ 효과가 있다,③ 보통이다,④ 증가,체육활동 가능시간,체육활동 지출비용 여유,체육활동 정보,,체육활동 가능시간 증가,체육활동 지출비용 여유,체육활동 정보 접근성 확대,,"요가, 필라테스, 태보",,"골프(그라운드, 파크 포함)",,,,,,,,,,,,,,,,,,,대학교(4년제 이상),졸업,기혼,3명,,1명,480,5,없음,,전업주부,,9143.44
93,서울,11200550561,1. 동부,아파트,여자,1970,11,51,④ 건강한 편이다,충분한 휴식 및 수면,,② 별로 체력이 좋지 않은 편이다,규칙적인 식사 및 영양보충,,② 별로 수행하고 있지 않다,③ 보통이다,③ 보통이다,④ 잘 수행하고 있다,,,없음,,알고 있다,기타,,,,,,,,,,,,,,,,,,,시설이용료가 비싸서,,기타체육시설,공공체육시설,직장체육시설,구매한 적 없다,,,,,,,,,,,,없다,,,,,금전적인 여유가 없어서,,아니오,,"체력관리 방법을 알고 있으나, 비용이 많이 들어 못하고 있다",,"체육시설/단체의 홍보 (책자, 이메일, 문자 등)","인터넷 (포털사이트, 유튜브, SNS 등)","가족과 지인 (친구, 동료 등)",,가입하지 않았다,,,,,,시간적인 여유가 없어서,,아니오,,,,,,없음,,,,,,,,,,,,,,,,,,,,전혀 하지 않는다,,,,,,,,,,,,,,,,,,,,,,,,,,,,,,,,,,,,,,,,,,,,,,,,,,,,,,,,,,,,,,,,,,,,,,,,,,,없다,,,,,체육활동 가능시간 부족,체육활동 지출비용 부담,,,체육활동 가능시간 증가,체육활동 지출비용 여유,체육활동 정보 접근성 확대,,보디빌딩(헬스),,"요가, 필라테스, 태보",,대학교(4년제 이상),졸업,기혼,4명,,2명,650,7,없음,,전업주부,,9472.71
94,서울,11200550561,1. 동부,아파트,남자,1997,5,25,③ 보통이다,충분한 휴식 및 수면,,④ 체력이 좋은 편이다,규칙적인 체육활동,,③ 보통이다,③ 보통이다,③ 보통이다,④ 잘 수행하고 있다,,,없음,,알고 있다,민간체육시설,[민간체육시설] 체력단련장,,,,,,,,,,,,,,,,체육활동 프로그램이 다양해서,,,,민간체육시설,공공체육시설,기타체육시설,구매한 적 있다,스포츠의류,스포츠신발류,,,,,9,9.8,,,,없다,,,,,시간적인 여유가 없어서,,아니오,,"체력관리 방법을 알고 있으나, 비용이 많이 들어 못하고 있다",,"인터넷 (포털사이트, 유튜브, SNS 등)","체육시설/단체의 홍보 (책자, 이메일, 문자 등)","대중매체 (신문, TV, 라디오 등)",,가입하지 않았다,,,,,,금전적인 여유가 없어서,,아니오,,,,,,보디빌딩(헬스),,,,,,,,,,,,,,,,,,,,일주일에 4번,보디빌딩(헬스),일주일에 4번,평일/휴일,저녁(18시~22시),2,0,5,중강도,민간체육시설,도보,,0,20,,,,,,,,,,,,,,,,,,,,,,,,,,,건강유지 및 체력증진,체중조절 및 체형관리,자아실현 및 자기만족,,스스로,친구,대중매체,,혼자,,③ 보통이다,체력수준을 고려한 운동 실시,,없다,,,② 감소,60000,③ 보통이다,④ 효과가 있다,④ 효과가 있다,③ 보통이다,④ 증가,체육활동 가능시간,체육활동 지출비용 여유,체육활동 정보,,체육활동 가능시간 증가,체육활동 지출비용 여유,체육지도자 수준 향상,,"자전거, 사이클, 산악자전거",,암벽등반,,,,,,,,,,,,,,,,,,,대학교(4년제 이상),졸업,미혼,4명,,없음,650,7,있음,서비스 종사자,,,8866.34
95,서울,11200550561,1. 동부,아파트,남자,1972,11,49,④ 건강한 편이다,충분한 휴식 및 수면,,③ 보통이다,충분한 휴식 및 수면,,② 별로 수행하고 있지 않다,③ 보통이다,③ 보통이다,③ 보통이다,,,없음,,알고 있다,기타,,,,,,,,,,,,,,,,,,,시간적 여유가 없어서,,공공체육시설,기타체육시설,민간체육시설,구매한 적 없다,,,,,,,,,,,,없다,,,,,시간적인 여유가 없어서,,아니오,,마땅한 상담과 관리를 받을 만한 시설이나 프로그램이 없어서 못하고 있다,,"체육시설/단체의 홍보 (책자, 이메일, 문자 등)","대중매체 (신문, TV, 라디오 등)","가족과 지인 (친구, 동료 등)",,가입하지 않았다,,,,,,시간적인 여유가 없어서,,아니오,,,,,,없음,,,,,,,,,,,,,,,,,,,,전혀 하지 않는다,,,,,,,,,,,,,,,,,,,,,,,,,,,,,,,,,,,,,,,,,,,,,,,,,,,,,,,,,,,,,,,,,,,,,,,,,,,없다,,,,,체육활동 가능시간 부족,체육활동 지출비용 부담,체육프로그램 부족,,체육활동 가능시간 증가,체육활동 지출비용 여유,체육활동 정보 접근성 확대,,보디빌딩(헬스),,"골프(그라운드, 파크 포함)",,대학교(4년제 이상),졸업,기혼,4명,,2명,530,6,있음,사무 종사자,,,9141.76
96,서울,11200550561,1. 동부,아파트,남자,1951,6,71,④ 건강한 편이다,충분한 휴식 및 수면,,③ 보통이다,규칙적인 체육활동,,③ 보통이다,④ 잘 수행하고 있다,③ 보통이다,③ 보통이다,,,없음,,알고 있다,민간체육시설,[민간체육시설] 골프연습장,[민간체육시설] 체력단련장,,,,,,,,,,,,,,,시설이용료가 무료 또는 저렴해서,,,,공공체육시설,기타체육시설,민간체육시설,구매한 적 있다,,스포츠신발류,,,,,,10,,,,없다,,,,,금전적인 여유가 없어서,,아니오,,마땅한 상담과 관리를 받을 만한 시설이나 프로그램이 없어서 못하고 있다,,"인터넷 (포털사이트, 유튜브, SNS 등)","체육시설/단체의 홍보 (책자, 이메일, 문자 등)","대중매체 (신문, TV, 라디오 등)",,가입하지 않았다,,,,,,관심있는 체육 동호회가 없어서,,아니오,,,,,,"골프(그라운드, 파크 포함)",,,,,,,,,,,,,,,,,,,,일주일에 1번,"골프(그라운드, 파크 포함)",일주일에 1번,휴일,점심(12~14시),2,30,3,저강도,민간체육시설,자가용 승용/승합차,,0,30,,,,,,,,,,,,,,,,,,,,,,,,,,,건강유지 및 체력증진,스트레스 해소,개인의 즐거움,,친구,스스로,대중매체,,친구(연인 포함),,③ 보통이다,체력수준을 고려한 운동 실시,,없다,,,② 감소,100000,③ 보통이다,④ 효과가 있다,③ 보통이다,③ 보통이다,④ 증가,체육활동 가능시간,체육시설 접근성,체육활동 지출비용 여유,,체육활동 가능시간 증가,체육활동 지출비용 여유,체육활동 정보 접근성 확대,,보디빌딩(헬스),,없음,,,,,,,,,,,,,,,,,,,고등학교,졸업,기혼,2명,,2명,400,5,있음,판매 종사자,,,7112.49
97,서울,11200550561,1. 동부,아파트,여자,1960,4,62,④ 건강한 편이다,충분한 휴식 및 수면,,③ 보통이다,충분한 휴식 및 수면,,② 별로 수행하고 있지 않다,③ 보통이다,③ 보통이다,④ 잘 수행하고 있다,,,없음,,알고 있다,기타,,,,,,,,,,,,,,,,,,,시간적 여유가 없어서,,공공체육시설,기타체육시설,민간체육시설,구매한 적 없다,,,,,,,,,,,,없다,,,,,시간적인 여유가 없어서,,아니오,,"체력관리 방법을 알고 있으나, 비용이 많이 들어 못하고 있다",,"체육시설/단체의 홍보 (책자, 이메일, 문자 등)","인터넷 (포털사이트, 유튜브, SNS 등)","대중매체 (신문, TV, 라디오 등)",,가입하지 않았다,,,,,,시간적인 여유가 없어서,,아니오,,,,,,없음,,,,,,,,,,,,,,,,,,,,전혀 하지 않는다,,,,,,,,,,,,,,,,,,,,,,,,,,,,,,,,,,,,,,,,,,,,,,,,,,,,,,,,,,,,,,,,,,,,,,,,,,,없다,,,,,체육활동 가능시간 부족,체육시설 접근성 낮음,체육프로그램 부족,,체육활동 가능시간 증가,체육활동 지출비용 여유,체육활동 정보 접근성 확대,,"걷기(조깅, 속보)",,"요가, 필라테스, 태보",,대학교(4년제 이상),졸업,기혼,4명,,2명,580,6,있음,서비스 종사자,,,8865.87
98,서울,11200550561,1. 동부,아파트,남자,1991,2,31,④ 건강한 편이다,충분한 휴식 및 수면,,③ 보통이다,규칙적인 체육활동,,③ 보통이다,③ 보통이다,③ 보통이다,④ 잘 수행하고 있다,,,없음,,알고 있다,민간체육시설,[민간체육시설] 수영장,,,,,,,,,,,,,,,,전문적인 체육시설을 갖추고 있어서,,,,민간체육시설,공공체육시설,기타체육시설,구매한 적 있다,스포츠의류,,,,,,5,,,,,없다,,,,,시간적인 여유가 없어서,,아니오,,마땅한 상담과 관리를 받을 만한 시설이나 프로그램이 없어서 못하고 있다,,"체육시설/단체의 홍보 (책자, 이메일, 문자 등)","대중매체 (신문, TV, 라디오 등)","인터넷 (포털사이트, 유튜브, SNS 등)",,가입하지 않았다,,,,,,시간적인 여유가 없어서,,아니오,,,,,,보디빌딩(헬스),수영,,,,,,,,,,,,,,,,,,,일주일에 3번,보디빌딩(헬스),일주일에 3번,평일,저녁(18시~22시),2,0,12,중강도,민간체육시설,도보,,0,20,수영,일주일에 2번,평일,오전(8~12시),1,0,12,중강도,2,도보,,0,20,,,,,,,,,,,,,,건강유지 및 체력증진,스트레스 해소,개인의 즐거움,,친구,스스로,대중매체,,혼자,,③ 보통이다,체력수준을 고려한 운동 실시,,없다,,,② 감소,200000,③ 보통이다,④ 효과가 있다,④ 효과가 있다,③ 보통이다,④ 증가,소득수준,체육활동 지출비용 여유,체육활동 정보,,체육활동 가능시간 증가,체육시설 접근성 확대,체육활동 정보 접근성 확대,,"자전거, 사이클, 산악자전거",,테니스,,,,,,,,,,,,,,,,,,,대학교(4년제 이상),졸업,미혼,3명,,없음,650,7,있음,전문가 및 관련 종사자,,,9108.36
99,서울,11200550561,1. 동부,아파트,남자,1980,9,42,③ 보통이다,규칙적인 식사 및 영양보충,,③ 보통이다,충분한 휴식 및 수면,,③ 보통이다,③ 보통이다,③ 보통이다,④ 잘 수행하고 있다,,,없음,,알고 있다,기타체육시설,[기타체육시설] 공동주택단지 체육시설(아파트 등),,,,,,,,,,,,,,,,시설이용료가 무료 또는 저렴해서,,,,기타체육시설,공공체육시설,민간체육시설,구매한 적 있다,,스포츠신발류,,,,,,10,,,,없다,,,,,시간적인 여유가 없어서,,아니오,,"체력관리 방법을 알고 있으나, 비용이 많이 들어 못하고 있다",,"체육시설/단체의 홍보 (책자, 이메일, 문자 등)","직장 (단체중심의 프로그램, 교육)","대중매체 (신문, TV, 라디오 등)",,가입하지 않았다,,,,,,시간적인 여유가 없어서,,아니오,,,,,,족구,,,,,,,,,,,,,,,,,,,,일주일에 1번,족구,일주일에 1번,평일/휴일,저녁(18시~22시),1,0,3,중강도,기타체육시설,자가용 승용/승합차,,0,30,,,,,,,,,,,,,,,,,,,,,,,,,,,건강유지 및 체력증진,체중조절 및 체형관리,스트레스 해소,,친구,직장/지역사회,스스로,,직장동료,,③ 보통이다,체력수준을 고려한 운동 실시,,없다,,,② 감소,40000,③ 보통이다,④ 효과가 있다,④ 효과가 있다,③ 보통이다,④ 증가,체육활동 가능시간,체육활동 지출비용 여유,체육활동 정보,,체육활동 가능시간 증가,체육활동 지출비용 여유,체육활동 정보 접근성 확대,,보디빌딩(헬스),,"골프(그라운드, 파크 포함)",,,,,,,,,,,,,,,,,,,대학교(4년제 이상),졸업,기혼,3명,,1명,510,6,있음,전문가 및 관련 종사자,,,9141.76
100,서울,11200550561,1. 동부,아파트,여자,2005,5,17,③ 보통이다,충분한 휴식 및 수면,,② 별로 체력이 좋지 않은 편이다,규칙적인 식사 및 영양보충,,② 별로 수행하고 있지 않다,③ 보통이다,③ 보통이다,④ 잘 수행하고 있다,,,없음,,알고 있다,기타,,,,,,,,,,,,,,,,,,,시간적 여유가 없어서,,기타체육시설,공공체육시설,민간체육시설,구매한 적 없다,,,,,,,,,,,,없다,,,,,시간적인 여유가 없어서,,아니오,,"체력관리 방법을 알고 있으나, 비용이 많이 들어 못하고 있다",,"인터넷 (포털사이트, 유튜브, SNS 등)","체육시설/단체의 홍보 (책자, 이메일, 문자 등)","학교 (단체중심의 프로그램, 교육)",,가입하지 않았다,,,,,,금전적인 여유가 없어서,,아니오,,,,,,없음,,,,,,,,,,,,,,,,,,,,전혀 하지 않는다,,,,,,,,,,,,,,,,,,,,,,,,,,,,,,,,,,,,,,,,,,,,,,,,,,,,,,,,,,,,,,,,,,,,,,,,,,,없다,,,,,체육활동 가능시간 부족,체육시설 접근성 낮음,소득수준 낮음,,체육활동 가능시간 증가,체육활동 지출비용 여유,체육지도자 수준 향상,,"요가, 필라테스, 태보",,테니스,,고등학교,재학,미혼,4명,,없음,520,6,없음,,학생,,6457.81
